Hero,Abaddon,Alchemist,Ancient Apparition,Anti-Mage,Arc Warden,Axe,Bane,Batrider,Beastmaster,Bloodseeker,Bounty Hunter,Brewmaster,Bristleback,Broodmother,Centaur Warrunner,Chaos Knight,Chen,Clinkz,Clockwerk,Crystal Maiden,Dark Seer,Dark Willow,Dazzle,Death Prophet,Disruptor,Doom,Dragon Knight,Drow Ranger,Earth Spirit,Earthshaker,Elder Titan,Ember Spirit,Enchantress,Enigma,Faceless Void,Grimstroke,Gyrocopter,Hoodwink,Huskar,Invoker,Io,Jakiro,Juggernaut,Keeper of the Light,Kunkka,Legion Commander,Leshrac,Lich,Lifestealer,Lina,Lion,Lone Druid,Luna,Lycan,Magnus,Mars,Medusa,Meepo,Mirana,Monkey King,Morphling,Naga Siren,Nature's Prophet,Necrophos,Night Stalker,Nyx Assassin,Ogre Magi,Omniknight,Oracle,Outworld Destroyer,Pangolier,Phantom Assassin,Phantom Lancer,Phoenix,Puck,Pudge,Pugna,Queen of Pain,Razor,Riki,Rubick,Sand King,Shadow Demon,Shadow Fiend,Shadow Shaman,Silencer,Skywrath Mage,Slardar,Slark,Snapfire,Sniper,Spectre,Spirit Breaker,Storm Spirit,Sven,Techies,Templar Assassin,Terrorblade,Tidehunter,Timbersaw,Tinker,Tiny,Treant Protector,Troll Warlord,Tusk,Underlord,Undying,Ursa,Vengeful Spirit,Venomancer,Viper,Visage,Void Spirit,Warlock,Weaver,Windranger,Winter Wyvern,Witch Doctor,Wraith King,Zeus
Abaddon,0.0,-1.64,-1.85,-1.94,2.49,1.88,2.65,2.37,-2.12,-0.25,1.07,-1.26,-0.6,-2.88,1.13,0.35,-0.89,2.25,0.48,-0.64,-2.84,0.05,0.22,2.04,0.36,-1.9,-0.69,-0.04,1.63,-0.77,-1.59,0.18,-2.22,0.89,-0.36,-1.53,2.94,-2.5,-1.37,-1.38,0.12,0.57,0.42,-1.45,-0.96,-0.16,-1.86,-1.46,-1.77,-1.94,-2.15,-2.57,-0.01,1.11,-0.82,0.74,-1.47,-3.84,1.34,-2.78,-0.62,-0.77,-1.29,-0.4,-0.46,-0.26,1.03,-0.6,1.55,-1.31,-0.41,-1.26,-1.74,1.29,0.06,0.29,1.13,1.51,-1.34,-0.38,-1.37,-0.89,-1.33,-1.38,1.09,2.52,1.29,-0.46,-3.24,-0.09,-0.96,1.36,0.14,0.94,-0.83,-0.91,0.73,0.46,1.31,-1.9,-0.56,0.16,-1.92,0.34,-1.17,-1.14,-1.49,0.02,-0.81,1.79,-1.57,2.27,0.18,2.31,-0.59,-1.31,2.82,-0.76,1.29,-0.14
Alchemist,1.65,0.0,-2.92,0.39,0.5,-0.01,-1.14,-0.8,0.26,-0.7,-2.37,1.77,-1.73,3.88,1.86,-0.15,-0.13,0.82,1.59,-0.71,-2.98,1.01,-0.43,-1.67,0.52,-0.4,0.45,-0.93,1.03,0.56,1.47,-0.22,-0.37,1.64,0.03,0.3,-1.89,-1.65,-5.41,0.24,-0.57,0.88,-0.32,-0.73,0.05,-0.84,-2.62,-0.5,-1.72,-1.0,-0.55,0.09,-1.21,2.33,0.07,1.06,0.63,-0.63,-0.47,-2.5,-2.38,0.74,-1.59,-1.04,2.47,0.23,1.15,-0.84,1.55,-1.75,0.46,-2.31,1.64,1.88,4.56,-0.48,-0.85,0.01,-2.89,0.31,0.48,1.25,-0.37,-2.71,1.04,1.0,-0.25,-1.81,-1.55,0.29,-2.17,3.15,-0.49,0.35,-1.27,-0.25,2.21,-2.86,1.64,-1.05,1.67,-0.34,0.89,-1.88,-0.64,1.69,1.4,-2.2,-0.53,0.76,-0.11,2.92,2.23,1.35,-0.71,-1.0,-0.39,-1.97,3.82,0.94
Ancient Apparition,1.92,3.02,0.0,-3.6,-2.58,0.63,-1.38,-0.17,-1.64,2.25,-0.74,-0.67,1.94,-0.45,-1.41,-1.1,1.41,-1.98,1.46,-0.31,0.69,1.07,1.86,1.77,-0.21,-1.51,0.34,-0.24,-0.76,-0.2,2.34,-0.36,1.42,0.05,-0.88,0.59,1.54,-1.52,7.72,-0.26,1.94,-0.43,-0.23,-0.38,0.26,-0.51,0.88,1.1,0.24,-1.27,-1.32,-1.54,0.08,-4.53,0.67,-0.33,-0.12,2.24,-1.02,1.97,4.03,0.56,-0.83,2.63,-0.96,-1.44,0.39,2.99,-0.91,-0.1,-0.76,-1.31,-1.91,-0.96,-0.64,-0.87,0.91,-0.24,0.16,-1.58,-0.54,0.99,-2.39,-0.8,-0.34,-0.64,-1.08,-0.71,1.72,-0.93,-1.18,-1.15,-0.05,-2.17,-0.19,-1.02,-0.95,1.17,0.68,1.68,-1.75,-0.43,0.53,1.84,-0.78,1.79,1.36,-0.19,-0.46,0.03,-0.16,1.19,-1.47,0.65,-2.6,-2.17,1.25,0.1,-0.92,-1.12
Anti-Mage,1.87,-0.64,3.69,0.0,2.52,-2.51,-0.44,0.53,-0.48,-2.01,-0.26,3.63,2.94,-1.78,-2.01,0.41,0.02,-1.74,3.93,-0.76,2.19,0.54,-0.32,2.41,-1.78,0.2,0.6,-2.0,-0.48,-1.83,-0.82,-0.14,-1.87,1.11,-0.6,0.23,2.04,-2.15,-3.96,-1.06,-2.57,-0.64,2.57,-0.31,-2.82,-4.95,0.63,1.72,-0.58,-2.36,-0.28,-5.33,-0.15,-1.69,-2.76,0.75,7.01,-10.61,-0.32,-3.12,3.01,-0.32,-0.84,2.75,-1.38,-2.19,1.93,1.12,0.87,-1.56,-0.34,-3.67,0.22,1.35,-1.63,1.02,4.31,1.1,2.32,-2.09,0.27,3.49,0.6,-1.23,-0.98,-0.78,2.22,-4.7,-1.79,-0.49,1.51,5.07,-1.24,3.88,-0.89,2.84,-4.16,-0.72,0.36,1.35,4.79,-0.95,0.73,-3.36,-1.15,2.78,1.8,-2.43,-0.21,0.46,-0.48,-1.22,1.88,0.4,0.41,0.24,3.04,-0.26,3.09,6.5
Arc Warden,-2.52,-0.52,2.47,-2.66,0.0,-0.06,1.88,-0.5,-1.32,-0.71,-0.55,-1.26,-2.4,-10.02,-2.15,-2.58,-2.92,1.95,1.98,-1.14,-0.97,0.02,-0.28,1.45,1.51,1.97,2.34,0.71,-1.84,-0.44,1.56,-0.97,1.15,1.08,-1.01,2.23,2.17,-0.81,-1.02,-1.55,-3.15,-0.67,-0.49,-1.39,-1.83,-1.99,0.83,-0.4,-1.45,-0.44,0.09,-2.26,0.58,-5.27,-0.45,-0.98,0.94,-7.09,-0.67,0.01,-2.77,-4.15,-0.61,1.62,1.93,1.09,0.34,-1.69,-2.1,0.15,-0.97,-2.2,-4.54,1.32,0.89,-1.9,-0.87,-0.39,1.56,-0.83,-0.24,-0.89,-0.19,0.16,0.55,2.8,-0.62,-1.04,-3.35,-0.83,-0.56,-0.88,-1.15,-2.34,-0.07,2.18,3.42,2.24,1.68,-0.25,-0.18,-0.55,-0.42,1.42,-1.33,0.24,-0.65,0.43,-0.48,2.88,1.51,-4.5,-0.79,-0.03,0.26,0.3,-0.98,-1.6,-0.21,-0.33
Axe,-2.37,-0.11,-0.82,2.46,-0.25,0.0,-0.48,-1.53,1.32,-0.3,-0.12,0.63,0.12,1.99,0.15,0.78,-0.17,1.46,-0.9,-0.08,-1.1,0.81,0.86,-1.69,0.17,-2.04,-1.18,-0.18,-1.01,-0.11,0.2,-1.0,-0.29,-0.7,1.21,0.26,-1.21,-0.32,0.8,-0.18,-1.01,-1.27,1.23,0.51,-0.99,0.04,-0.3,-0.09,-1.49,0.32,0.37,-0.91,-1.18,2.44,-0.07,-0.11,-0.3,0.13,1.06,-1.67,2.95,3.08,1.12,-1.75,-1.36,0.99,0.47,-2.08,-0.37,-2.42,0.19,1.7,4.56,-1.02,0.08,-0.71,-1.63,0.5,-0.78,-0.24,0.53,-0.89,-0.67,-0.37,-0.46,-1.13,-0.14,-0.34,0.09,-0.62,0.7,-2.19,-0.72,0.48,-0.78,0.26,1.41,2.62,-0.56,-1.81,-0.79,-0.49,-1.0,0.75,-0.57,-0.15,-0.87,-1.9,-0.12,-2.49,-1.86,1.71,1.19,-2.06,1.05,1.73,0.53,-1.66,-0.81,-1.18
Bane,-2.65,1.15,1.45,0.47,-1.88,0.55,0.0,-0.67,-4.32,-0.79,-0.19,0.52,1.3,-1.2,0.44,-4.33,0.62,1.51,0.06,-0.07,-0.16,0.31,-0.14,-1.6,0.89,-0.06,-1.4,-1.3,-0.39,-0.35,1.81,-0.19,-0.72,-1.19,1.23,-0.26,-0.97,-0.93,-1.25,0.78,-0.09,1.02,1.87,3.08,-0.87,0.76,0.15,0.89,1.98,0.1,0.33,-0.56,-1.07,-4.8,-0.22,0.32,-1.03,-6.71,0.82,-1.13,1.99,-3.56,-1.55,-1.63,-0.27,-0.59,0.61,-0.06,-0.41,1.0,0.95,0.9,-2.36,1.04,-0.62,-0.04,-0.06,-0.06,0.78,0.52,-1.17,-0.98,-0.67,0.92,0.07,-1.62,0.49,-0.95,-0.37,1.52,-0.29,0.37,-1.94,-0.05,0.04,1.02,-0.43,-0.74,-1.34,2.58,-1.19,-0.59,-0.15,0.54,0.05,0.89,-1.43,-0.7,0.6,-0.89,0.09,-3.39,0.89,0.43,0.65,1.71,1.74,-0.81,-0.87,0.86
Batrider,-2.34,1.14,0.58,0.36,0.5,1.82,0.66,0.0,1.53,-0.32,2.91,-3.06,0.64,0.83,1.16,-1.24,-1.86,1.18,0.99,-0.43,0.87,-2.89,-0.67,-0.72,2.07,0.93,-1.38,0.52,1.03,0.31,-0.98,1.77,-1.19,-0.63,-0.19,-0.54,0.84,0.24,-1.42,1.27,-0.22,0.31,1.23,0.67,1.11,-0.74,-2.38,-0.31,-0.36,0.6,0.62,1.49,2.21,-1.08,1.99,1.57,-0.37,5.41,2.13,3.5,1.73,-1.29,1.41,0.76,-0.54,-2.21,1.58,-2.38,-2.74,-0.35,0.6,2.69,-1.24,-2.15,-0.29,1.85,-0.68,-3.01,-4.7,-0.56,1.18,0.33,0.54,3.56,1.03,-2.09,1.51,1.87,-2.28,2.3,0.07,1.76,0.53,-2.1,1.28,2.21,2.05,0.93,-1.49,3.66,0.64,3.02,1.37,1.26,1.2,-0.31,0.21,0.9,-2.06,-1.61,-0.63,-0.14,0.41,1.94,-1.73,-0.11,1.41,-0.66,0.78,2.65
Beastmaster,2.16,-0.16,1.75,0.54,1.4,-1.03,4.17,-1.22,0.0,-2.73,1.36,-1.8,-2.28,1.54,-2.12,-0.09,-6.24,1.48,0.72,-0.99,-3.36,0.16,-1.21,0.16,-1.52,-1.7,1.64,-0.25,0.23,-1.46,-1.85,-0.04,-6.7,-0.05,1.37,0.71,-3.29,0.16,-2.11,0.03,-0.45,-2.88,0.98,-3.03,-4.12,-0.84,-0.88,0.97,0.23,-0.25,0.94,3.17,0.56,-5.63,0.27,0.91,-3.98,1.53,0.48,0.76,-0.44,-5.15,0.72,-2.9,2.65,1.69,2.16,0.11,3.01,4.56,-0.88,-1.0,-3.45,-1.26,-1.14,2.26,0.91,-0.8,-1.32,1.45,-1.68,-1.83,0.48,0.23,-0.5,1.21,0.0,3.23,1.32,0.25,-3.45,-0.18,1.5,0.23,-1.79,1.9,-1.48,0.26,-2.04,-2.54,-2.09,-1.02,-1.33,-0.8,0.19,0.24,-2.87,3.11,1.79,-2.44,0.52,2.69,-0.73,-0.78,1.04,-0.17,-3.99,-1.38,2.18,1.98
Bloodseeker,0.22,0.7,-2.17,1.8,0.71,0.28,0.83,0.41,2.88,0.0,0.24,-2.1,-0.52,-0.42,-0.15,-0.4,-0.52,3.81,-1.15,0.24,0.56,1.12,0.34,0.15,-0.17,-0.72,-0.53,1.7,1.05,0.14,-2.74,-1.0,-0.8,-0.15,-1.4,1.31,-0.18,-0.74,0.8,0.49,-1.36,-0.39,-1.41,0.58,-0.26,-1.31,0.84,1.37,-3.26,-0.19,-0.37,-1.69,-0.73,1.94,-0.25,0.55,-3.06,-2.94,1.25,-0.1,-1.95,-2.39,-1.2,-1.93,2.96,-0.08,0.15,-0.77,1.62,-1.47,1.82,1.06,0.55,2.89,0.73,-1.1,-0.67,-0.12,2.25,1.41,-0.91,0.35,-0.12,-0.03,0.53,0.91,-0.62,0.18,0.88,0.23,-0.59,-0.84,-0.49,-2.02,-0.31,-1.91,1.83,-0.36,1.63,2.59,-3.32,-0.43,-0.56,-0.72,0.29,-0.7,0.43,-1.2,0.1,-0.48,-0.47,0.29,1.06,0.35,1.53,1.0,0.19,-0.22,-0.26,-1.4
Bounty Hunter,-1.16,2.47,0.73,0.15,0.52,0.02,0.33,-2.44,-1.24,-0.18,0.0,0.27,-0.28,-0.71,0.31,-0.72,0.76,4.47,-0.26,-1.23,0.58,-0.55,-0.14,0.66,0.33,0.71,0.8,-0.24,0.31,-1.38,0.26,-0.34,-0.59,-1.21,-1.36,0.7,-0.04,-0.43,-3.28,0.95,0.08,-0.01,-0.3,0.92,1.05,-1.73,-0.31,0.11,0.44,-0.45,-1.71,1.11,-0.6,0.45,-0.91,0.31,-0.17,-3.03,1.35,1.17,-1.66,-6.56,0.22,-1.42,0.68,1.3,-0.1,-1.59,-0.8,-0.1,0.44,-0.15,-4.09,-0.89,0.23,-1.32,-0.51,-0.92,-0.5,3.08,-0.67,0.43,1.2,-0.31,-0.72,1.01,0.28,-0.85,-1.49,-0.4,-0.88,0.82,-0.39,-1.3,-1.73,-2.52,-0.06,0.46,-1.43,0.36,-1.08,0.06,-0.17,-1.91,-0.04,0.56,1.51,-0.08,-0.17,-2.5,-0.51,0.32,-0.09,2.31,0.68,-0.88,-0.39,0.44,1.58,0.04
Brewmaster,1.17,-1.49,0.99,-2.92,1.33,-0.53,-0.34,2.61,2.44,2.25,0.27,0.0,-0.23,-0.23,0.48,1.42,1.36,-0.76,0.49,0.6,-0.09,0.46,1.41,-2.26,0.32,-1.59,1.4,1.09,-0.21,-1.54,3.73,1.27,-2.18,0.63,-1.5,0.66,1.98,-0.44,1.88,-1.15,2.88,0.4,0.2,-1.27,-0.14,-1.11,0.31,1.48,-0.52,-0.77,-0.27,-0.44,-0.28,0.59,0.48,0.44,0.62,1.57,0.05,1.16,-0.63,4.74,-1.29,0.34,0.34,-0.94,1.51,1.65,-0.35,2.53,-3.64,0.79,-1.86,-1.07,-0.44,0.63,-0.63,-2.78,3.35,-2.34,-0.31,-0.29,-0.6,-1.1,0.7,1.38,0.61,0.91,-1.24,1.46,1.27,1.72,0.42,-1.79,-0.66,-0.25,1.0,2.13,-1.11,-1.68,-0.29,0.05,-0.47,1.74,2.03,0.31,0.14,3.63,2.56,0.06,1.41,2.76,-2.9,2.74,-3.15,-0.57,-0.11,1.32,1.47,1.63
Bristleback,0.28,1.63,-2.25,-2.77,2.28,-0.09,-1.43,-0.38,2.47,0.45,0.16,0.19,0.0,2.96,1.41,1.57,3.56,1.3,0.17,1.24,1.8,-0.4,-1.56,0.49,0.16,0.17,-0.13,-2.33,-0.41,-0.24,-0.39,-0.78,0.96,2.45,-0.14,-0.64,1.27,-1.95,2.14,0.7,0.32,0.65,0.15,-0.56,0.54,-2.09,-0.08,1.57,0.64,-0.62,-0.57,4.01,2.97,7.98,-0.64,-0.7,1.48,1.77,0.39,0.31,-1.24,-0.7,0.11,-2.03,1.49,-2.0,-0.34,-1.98,2.1,0.27,-0.02,0.9,0.17,0.26,0.62,1.37,1.13,-0.75,3.59,2.23,0.38,1.72,0.68,0.5,0.12,-3.44,1.6,-1.82,-3.88,1.28,0.42,0.94,0.4,-1.52,1.11,1.35,1.27,-0.4,1.58,-0.68,0.72,0.52,1.07,2.2,-1.51,1.89,-0.65,1.09,-0.27,-1.69,-4.5,2.57,0.21,1.42,2.02,1.3,0.85,0.55,3.33,1.13
Broodmother,2.85,-3.73,0.47,1.47,9.78,-1.84,1.12,-0.28,-1.54,0.38,0.76,0.31,-2.87,0.0,0.52,-0.87,8.69,7.9,4.91,-3.35,-4.16,-0.69,1.02,-1.75,-0.48,1.54,-2.7,1.92,2.03,-6.88,1.48,-2.83,-5.39,-3.52,-1.36,-2.04,2.03,-1.55,0.14,2.6,1.1,-2.58,2.36,-2.49,-7.93,-3.83,-2.72,0.76,1.73,-2.75,-0.75,5.8,0.1,1.58,-3.72,-2.35,1.84,-8.62,1.62,-4.02,1.84,-4.77,1.25,-5.47,3.57,1.31,1.94,1.6,2.01,3.0,-3.08,-1.23,-2.85,0.86,2.87,0.17,-1.1,-0.75,-1.81,1.54,0.5,-2.6,-2.54,-2.23,0.89,2.52,2.46,0.05,-1.3,0.41,-2.92,3.66,-3.5,-3.58,-5.75,0.84,-1.82,-4.56,-1.9,-3.14,-0.5,-3.43,-0.84,-1.71,0.79,-0.79,1.39,2.76,2.45,0.95,1.11,8.52,-3.18,2.28,-0.58,-1.22,-1.85,1.13,3.5,5.64
Centaur Warrunner,-1.17,-1.86,1.39,1.77,2.15,-0.17,-0.43,-1.02,2.26,0.15,-0.25,0.18,-1.45,-0.54,0.0,0.26,-4.6,-1.29,-0.53,0.04,1.75,0.15,-3.94,-3.51,-0.11,-0.87,-0.72,0.21,0.87,-0.48,-1.75,-2.7,0.32,-1.15,0.56,-2.03,1.3,-0.55,-0.28,-0.7,-0.52,0.49,-1.85,-1.25,-0.8,-1.06,-0.33,-0.11,-1.31,0.63,0.59,1.17,-0.09,-1.12,-0.04,-1.15,1.91,1.7,0.0,-2.63,1.07,4.21,0.79,-1.88,0.07,-0.65,-0.11,-1.59,-0.37,-0.03,1.42,-0.06,4.24,-0.57,0.99,-0.2,1.21,-0.38,-0.46,-0.53,-0.83,1.2,1.69,-0.85,-0.88,-0.62,1.42,-1.43,0.78,0.14,1.83,1.01,0.56,0.91,-2.24,1.11,-1.8,-0.02,-1.36,-1.95,1.85,0.38,-0.02,1.33,0.36,-1.34,-1.77,-1.04,-0.74,-0.61,-0.72,3.44,0.01,-0.68,0.1,2.74,0.79,-1.74,-0.06,0.89
Chaos Knight,-0.36,0.18,1.09,-0.51,2.62,-0.85,4.61,1.92,0.2,0.43,0.72,-1.24,-1.7,0.9,-0.27,0.0,0.91,3.13,0.66,-1.64,-3.0,-0.25,0.69,1.14,-0.53,2.34,0.02,0.22,-0.12,-2.04,-2.27,-2.08,1.59,-3.1,1.1,-0.51,-2.7,-1.57,1.26,-0.98,-0.58,-2.79,-0.21,-1.13,-3.47,-0.37,-3.22,-2.17,-0.27,-1.07,-0.19,0.79,0.05,1.73,-1.61,0.64,-2.94,-1.79,0.63,-0.44,1.47,-4.87,0.1,-0.32,1.63,0.48,2.5,-0.6,1.49,1.07,-1.87,-1.09,-5.0,-3.68,-1.04,1.15,1.12,-0.65,1.08,1.6,-0.93,-3.55,2.19,-0.96,1.41,1.66,1.61,1.24,-0.06,-0.77,-0.36,0.07,0.16,-0.46,-2.46,0.43,1.31,0.04,-3.36,-2.74,0.48,0.12,-2.24,-0.9,1.01,-3.48,-1.75,1.23,1.0,0.81,2.51,0.37,-0.16,-0.64,-0.6,0.11,-1.29,-1.78,1.14,-0.08
Chen,1.07,0.38,-0.96,0.54,2.97,0.71,-0.47,1.06,6.0,0.7,-0.24,-2.72,-2.89,-8.53,4.6,-0.56,0.0,2.86,0.58,-2.7,1.97,0.25,-1.28,-6.88,0.51,-0.37,0.87,0.54,-0.69,-1.4,-3.05,-0.67,-3.92,-0.89,-0.77,-0.87,2.88,0.25,-0.85,-0.18,0.68,2.68,3.47,-1.21,-5.79,0.6,-2.58,0.79,0.26,0.7,1.44,-0.77,1.98,-0.78,0.85,2.29,-1.09,-7.4,3.48,1.32,-1.06,3.58,0.31,-2.38,5.43,-0.03,1.23,2.71,1.88,-2.64,-0.58,0.26,-2.12,1.7,2.99,1.52,1.24,-1.78,-0.98,-0.04,-2.31,-0.83,-0.25,0.55,0.66,4.49,0.5,0.64,-1.42,1.1,1.95,2.43,1.16,1.83,-2.34,-0.35,-1.47,-3.73,0.8,-4.37,1.33,-0.2,1.07,-1.12,-0.15,0.13,-1.24,-0.16,-0.25,-0.76,-0.21,5.19,2.14,-1.24,-2.1,0.32,-4.08,0.89,5.42,4.13
Clinkz,-2.29,-0.76,2.02,1.26,-2.01,-1.59,-1.34,-0.82,-1.23,-3.81,-4.48,1.12,-1.45,-8.31,1.46,-3.18,-2.42,0.0,-0.07,-0.99,2.82,0.94,-1.02,1.03,0.72,1.53,-0.01,-3.23,-0.98,0.97,2.23,0.11,-0.61,1.31,-0.51,1.24,1.9,-0.97,1.02,1.0,-1.61,1.72,0.95,-0.39,0.41,-2.88,1.59,0.41,-0.19,-0.39,-1.01,0.12,-0.84,-2.37,0.5,-2.2,1.33,-9.39,0.57,0.28,-1.31,-8.07,-1.67,-0.32,-0.02,1.52,-1.13,-0.72,-0.79,0.16,2.95,-3.27,-5.51,2.75,1.45,-1.84,-0.12,0.15,1.21,-1.95,-0.05,2.02,0.14,-1.37,-0.08,1.21,0.4,-1.78,-1.57,0.37,-0.13,-0.16,-2.43,2.75,0.04,-1.66,2.07,-2.25,1.46,-0.74,-2.25,-0.2,0.43,-1.41,-0.21,1.75,0.94,0.51,-1.03,1.27,2.73,2.3,-0.06,0.79,1.88,-0.03,-1.27,0.0,-2.31,0.37
Clockwerk,-0.55,-1.63,-1.45,-3.6,-2.09,0.83,-0.02,-0.62,-0.69,1.16,0.29,-0.63,-0.25,-5.19,0.53,-0.68,-0.33,0.15,0.0,0.78,-1.18,-0.6,-1.81,-0.78,-0.77,0.43,-1.01,1.57,-0.17,1.82,2.71,-0.63,0.16,1.29,-0.36,0.2,0.09,-0.36,-1.27,-0.77,-2.09,-0.7,-1.2,0.07,-0.31,0.22,0.57,-0.48,0.7,-0.29,0.7,0.62,1.54,-3.71,-0.67,-0.17,0.69,-4.19,-1.2,0.17,-0.78,0.67,-0.19,-0.19,-1.73,1.08,0.18,-1.22,-0.5,-0.36,-1.64,0.11,-2.93,-1.95,-0.12,0.75,1.65,-1.01,1.65,-1.66,-0.04,-0.83,0.36,1.17,-0.34,0.28,0.06,0.49,1.35,-1.88,0.92,0.2,1.05,-1.04,0.98,0.76,-0.38,-0.39,1.5,-3.01,1.48,-0.58,-1.14,-0.19,0.57,1.04,-1.03,-0.56,0.52,-0.61,-1.41,-2.39,-1.09,-0.82,-0.54,1.76,-1.54,0.26,-0.42,0.35
Crystal Maiden,0.41,0.66,0.13,0.72,0.94,0.08,0.26,1.38,1.31,-0.24,1.19,-0.44,-1.23,3.76,-0.08,1.63,3.98,0.79,-0.86,0.0,-0.09,0.14,0.23,-0.58,-0.65,0.65,1.35,-1.55,-0.23,-0.41,-0.99,0.5,1.39,-1.41,-0.55,-0.85,-0.07,-1.22,0.49,-0.16,0.89,-0.53,-1.19,-0.1,-0.78,0.25,-0.5,-0.21,-0.49,-0.79,0.21,0.97,0.28,1.82,-1.77,-0.16,-0.42,3.35,0.41,-0.72,0.05,4.14,0.49,0.87,-0.07,0.33,0.69,0.91,-0.34,0.17,-0.06,-0.24,4.49,-0.69,-0.49,-1.31,-0.51,0.22,1.37,0.43,-1.62,0.81,0.25,-0.6,-0.71,-0.48,0.37,0.12,0.94,-0.34,-0.43,0.26,1.07,0.38,0.0,0.1,1.29,0.71,0.02,0.44,0.39,-0.06,-0.18,0.6,0.42,-0.09,-0.44,-0.33,0.22,-0.54,0.18,-0.41,0.88,0.45,0.35,0.2,0.32,-1.03,1.4,-0.26
Dark Seer,2.82,2.89,-0.59,-2.18,1.06,0.81,0.12,-0.56,3.42,-0.6,-0.53,-0.44,-1.94,4.21,-1.73,2.91,-1.89,-2.53,1.07,-0.12,0.0,0.63,-0.98,0.12,-0.42,-2.25,5.08,0.19,-0.03,-1.36,0.61,-2.62,-0.48,-3.52,-2.35,-0.21,-0.3,-2.58,0.87,-1.73,1.47,-1.94,-0.86,-1.8,0.5,-0.98,-1.32,0.31,-0.71,-1.54,-0.13,-0.48,3.4,-1.47,0.96,-0.76,2.29,1.35,-0.33,-2.04,1.28,3.7,-0.87,1.21,2.3,0.01,1.12,2.8,-2.75,-0.78,-0.75,-1.78,6.59,-0.47,-0.62,-0.27,1.62,-0.77,0.5,-1.03,-1.96,-0.95,-1.18,-0.71,1.27,-1.31,-1.28,0.94,0.49,-1.69,-0.48,1.28,0.58,-0.05,-1.69,-1.64,4.86,4.32,1.61,-2.86,-1.21,-1.49,1.27,-1.02,1.18,-1.01,1.4,-1.47,0.98,3.47,1.08,2.61,-1.23,-0.41,-2.11,-1.32,2.65,-0.86,2.51,-1.29
Dark Willow,-0.09,-1.01,-0.99,-0.45,-0.08,-0.74,-0.29,3.02,-0.12,-1.12,0.59,0.17,0.28,0.69,-0.15,0.31,-0.04,-0.78,0.59,-0.11,-0.7,0.0,0.67,-0.15,-0.2,-0.77,0.27,-0.1,1.12,0.22,-1.64,0.94,-0.52,-0.49,-0.13,-0.12,1.63,-1.13,-1.02,-0.42,1.95,-0.47,-0.83,0.31,0.52,-1.11,-0.37,0.88,-0.74,0.31,-0.3,2.69,0.37,1.07,0.52,0.24,1.14,2.68,-0.1,-0.38,0.01,-2.67,-1.35,0.54,0.57,-0.8,1.33,-0.47,-1.28,1.54,1.38,0.27,-2.27,0.69,-0.93,-0.08,-0.99,-1.72,-0.06,-0.07,-0.41,-0.62,-0.31,-1.23,0.26,-0.17,0.16,1.97,0.22,-0.56,-1.3,-0.5,1.97,-0.35,0.29,-1.63,1.99,0.69,-0.02,0.86,-2.75,0.42,0.03,1.32,0.62,-0.18,-0.29,1.37,0.46,-1.79,-0.51,3.44,0.25,-0.08,-0.29,0.24,0.4,0.2,0.76,-0.96
Dazzle,-0.36,0.38,-1.92,0.34,0.12,-0.66,0.16,1.0,1.28,-0.36,0.16,-1.5,1.47,-1.2,4.01,-0.73,1.64,1.06,1.82,-0.12,0.88,-0.71,0.0,0.37,0.13,-0.16,-0.38,-1.3,-0.35,-0.2,-0.33,-0.21,0.62,-1.11,-0.67,-0.43,-0.68,-0.89,-0.62,0.72,1.32,0.15,0.43,0.68,0.36,0.93,1.23,0.03,0.32,-0.93,0.18,0.97,-0.84,2.32,-0.13,-0.01,-0.37,-2.04,0.31,-1.75,-1.68,0.35,-0.04,1.44,-0.71,0.16,0.55,-0.24,-0.41,-1.34,-1.77,-0.07,-1.84,-1.18,0.63,1.58,-1.4,-0.16,-1.13,-0.36,0.0,-0.2,-0.71,-1.72,0.8,-0.59,1.28,-0.53,-0.16,0.35,0.16,1.78,0.53,0.18,-0.43,0.56,0.85,-0.71,-1.22,0.79,-0.79,0.72,-0.16,-1.17,-0.47,-0.55,-0.34,0.1,-0.93,-1.19,-0.85,2.55,1.03,0.62,0.29,0.3,-0.43,-0.42,2.5,2.01
Death Prophet,-1.97,1.71,-1.48,-1.75,-1.34,1.77,1.59,0.82,-0.18,-0.07,-0.39,2.57,-0.36,1.74,3.49,-0.9,7.1,-0.62,0.84,0.81,-0.15,0.2,-0.29,0.0,-0.11,0.36,1.37,-2.3,1.19,0.13,-0.08,0.89,-1.98,-1.51,0.18,0.96,0.64,-1.3,0.72,-0.34,0.99,0.53,2.84,-1.65,1.49,0.06,0.4,1.06,1.07,0.13,-0.03,-0.88,-2.3,0.23,0.48,2.72,-2.9,1.33,-0.49,-0.34,-0.87,0.97,-1.86,2.51,0.57,-0.03,1.25,0.66,1.82,-0.48,0.36,-0.21,-0.41,1.22,1.92,2.65,0.44,-1.27,1.88,-0.13,0.61,0.68,-0.12,-0.17,-0.31,-1.01,0.38,-0.3,-0.88,0.38,-3.26,0.06,1.14,1.44,0.25,-1.16,2.38,-1.37,3.73,2.21,0.3,1.07,0.33,0.24,0.17,0.39,-1.87,2.2,-2.42,-0.53,0.18,2.68,1.59,-0.02,-1.68,-0.41,-0.05,-0.09,1.03,0.15
Disruptor,-0.55,-0.61,0.21,1.83,-1.8,-0.04,-0.95,-2.04,1.58,0.15,-0.29,-0.54,-0.14,0.37,0.06,0.52,-0.36,-0.64,0.76,0.76,0.27,0.17,-0.13,0.14,0.0,-0.62,-0.58,-0.59,-1.29,0.63,-1.18,0.68,0.02,0.61,-0.11,1.09,1.08,-0.42,-1.39,-0.54,0.39,-0.66,1.4,0.24,0.55,-0.97,-0.02,0.14,-0.72,-0.49,0.62,-0.75,0.28,-1.65,0.62,0.88,0.75,0.67,1.15,-0.4,0.37,1.72,-1.11,0.82,0.28,0.14,1.15,0.43,-1.26,0.75,0.17,-1.01,1.03,-0.32,0.93,0.63,-0.55,-0.01,-2.2,0.0,-0.58,1.72,-1.58,0.17,-0.31,0.93,-0.6,-0.5,2.8,-0.04,-1.09,-0.26,0.22,1.37,-0.73,0.19,-0.63,-0.27,-0.72,0.46,-1.32,0.06,-0.22,0.4,0.37,0.03,-0.09,-0.32,-0.21,-1.46,-0.78,3.54,0.76,0.06,0.15,0.46,0.16,0.6,-0.08,-0.08
Doom,1.86,0.44,1.66,0.45,-2.0,2.35,0.04,-0.75,1.63,0.78,-0.37,1.55,0.13,-1.75,0.91,-2.11,0.36,-1.05,-0.3,-0.04,2.16,0.81,0.28,-0.41,0.71,0.0,-0.56,-0.08,-0.45,0.38,1.91,0.66,-0.82,0.01,1.11,1.38,1.33,0.78,-3.26,-0.71,-1.25,0.66,1.69,0.16,0.46,0.87,0.69,0.29,-0.52,-0.26,1.22,-2.02,-0.73,-2.83,2.63,1.37,-0.89,-3.53,0.46,-0.15,1.17,-2.17,-0.72,1.93,-0.61,-0.07,1.64,2.03,-0.6,-0.42,0.8,1.06,1.52,-0.03,-0.51,1.71,1.71,-0.69,-1.09,-0.37,0.39,0.16,0.18,0.36,0.61,1.61,-0.13,0.11,1.25,0.3,-0.26,1.37,0.05,0.83,0.02,1.31,-0.01,-0.08,0.99,0.99,1.34,0.99,0.51,0.29,-0.15,1.89,-0.31,1.66,-0.35,-1.28,0.01,2.64,0.37,0.17,-2.17,0.85,0.05,-0.58,-0.13,1.43
Dragon Knight,0.63,-0.46,-0.25,-0.66,-2.44,1.14,1.39,1.72,-1.55,0.57,-0.73,-1.38,-0.04,2.76,0.78,0.03,-0.4,0.11,0.92,-1.3,-5.25,-0.07,0.29,-1.36,0.54,0.66,0.0,-0.56,1.1,0.56,-1.12,1.04,-2.46,-2.18,0.26,-0.28,-0.36,-0.87,-2.48,-0.43,0.22,-0.26,0.3,0.02,0.94,1.21,0.61,-0.89,-0.68,0.0,0.54,-0.06,-1.09,1.79,0.81,0.61,-0.41,-2.87,0.16,-0.06,0.79,1.9,-0.37,-1.68,1.32,1.66,-0.52,0.51,2.61,-3.03,-0.34,0.44,-1.21,-1.34,2.15,-0.99,-1.43,-0.22,-0.92,1.37,-0.38,-0.92,-1.05,0.25,0.16,-0.42,-0.39,0.24,-1.7,-0.46,-1.5,-0.42,0.34,1.59,0.74,1.93,2.18,-3.01,-1.48,-0.43,0.24,1.41,-1.98,1.3,1.23,-1.52,-1.01,0.16,0.27,-1.39,-3.04,0.51,1.68,-1.98,0.68,0.83,1.25,-0.68,0.5,-0.32
Drow Ranger,-0.48,0.7,-0.08,1.98,-1.38,0.17,1.36,-0.04,0.23,-2.08,0.0,-1.01,2.39,-2.55,-0.44,-0.55,-0.13,3.03,-1.82,1.55,-0.74,-0.08,1.32,2.67,0.62,0.4,0.44,0.0,-1.49,0.51,0.73,1.24,0.31,-0.24,-0.95,0.73,-0.47,0.07,0.75,0.62,1.18,0.2,1.19,-0.41,0.92,-0.27,1.33,-0.22,-0.09,0.68,1.02,4.03,-0.26,-2.82,-1.03,-2.72,0.27,0.85,-0.64,-0.34,-0.23,-2.15,-1.33,2.54,-0.36,0.06,0.11,0.48,1.18,-0.82,1.63,-0.1,-4.54,1.0,-0.39,-1.53,1.96,0.3,1.09,0.85,0.39,-0.68,-0.55,-0.01,1.44,0.27,-0.44,2.27,0.55,-0.65,-1.75,-3.04,0.65,-0.45,-0.5,0.02,2.29,2.63,-0.19,1.26,-2.36,-0.78,-0.49,1.3,-0.89,1.22,-0.4,1.98,1.24,0.15,0.76,0.12,-0.63,0.18,1.92,0.05,-0.13,0.91,-0.59,-2.09
Earth Spirit,-1.75,-1.06,0.83,0.66,1.8,1.14,0.37,-0.9,-0.31,-1.04,-0.18,0.48,0.45,-2.27,-0.88,0.17,0.84,1.13,0.2,0.48,-0.11,-1.13,0.38,-1.22,1.28,0.48,-1.06,1.45,0.0,-0.37,0.77,0.46,0.55,-0.65,-1.23,-1.13,-1.07,0.02,0.55,-0.08,-1.24,-1.21,-0.1,-0.68,-1.05,0.61,-1.52,0.33,-1.46,-1.0,-0.14,-1.68,0.16,-0.81,-1.04,0.95,1.09,0.81,0.16,-1.4,1.7,0.94,1.76,-0.48,0.87,0.19,1.15,-0.8,-0.71,-1.29,-1.11,1.68,2.14,-0.54,0.07,1.53,0.28,0.19,-0.91,0.25,1.2,-0.23,-0.12,0.45,0.58,-0.24,0.9,-0.71,-1.26,-0.18,0.44,1.92,0.24,1.5,-1.03,1.02,-1.59,-1.41,-0.26,-0.56,-0.05,-0.67,1.05,-0.99,-0.63,-0.65,-0.03,-0.45,0.27,-0.26,-0.33,-0.21,-0.45,0.52,-0.78,0.2,0.14,-0.46,0.0,0.27
Earthshaker,0.5,-0.82,0.02,1.86,0.14,0.13,0.36,0.21,1.59,-0.24,1.3,1.71,0.24,7.44,0.37,1.95,2.0,-1.17,-2.03,0.45,1.17,-0.33,0.19,-0.05,-0.65,-0.11,-0.8,-0.51,0.47,0.0,0.7,-0.53,-0.18,0.17,-0.02,-0.66,-1.81,-0.86,-0.57,-0.65,0.48,-0.84,0.41,-0.13,-0.11,0.47,-0.07,0.47,-1.48,-0.62,-0.38,1.68,-0.27,5.36,0.61,-0.12,0.15,10.77,0.51,-0.84,1.6,5.55,0.31,0.57,-0.97,0.79,0.96,0.27,0.38,-0.36,0.4,-0.1,3.74,0.21,-0.79,0.67,0.41,-0.35,-0.53,0.54,-1.06,-0.32,-0.2,0.48,0.34,-0.82,-0.09,0.35,1.01,0.04,-1.55,-0.7,0.13,0.76,-1.19,0.08,-0.52,1.26,-0.5,0.09,-0.37,-0.26,-0.13,0.64,0.53,-0.76,0.41,-0.99,0.53,-1.13,-2.83,2.75,0.22,0.52,0.04,0.06,-1.0,-0.04,0.21,-1.22
Elder Titan,1.61,-1.3,-1.98,1.0,-1.28,0.01,-1.76,1.1,1.85,2.69,-0.01,-3.6,0.35,-1.48,1.76,2.35,3.11,-1.68,-2.49,1.07,-0.57,1.63,0.34,0.07,1.09,-1.97,1.08,-0.63,-0.78,-0.63,0.0,-0.68,1.51,1.89,-0.91,1.32,0.14,-1.3,0.34,-0.19,2.16,2.03,-1.49,-0.91,-0.61,0.49,-2.73,1.54,-2.69,0.09,-0.41,5.0,0.42,1.27,2.17,0.11,1.92,13.5,1.3,-0.25,0.3,0.77,-1.29,0.85,-0.92,0.28,1.85,3.19,0.13,1.8,2.44,-0.48,3.02,-0.54,0.21,1.19,0.36,-1.07,-0.4,0.8,0.52,0.74,-1.1,-0.66,0.41,1.56,-1.93,-1.68,0.61,-0.48,-0.57,3.24,1.02,-1.52,-0.96,-1.03,-1.98,2.59,0.52,-1.01,-0.5,-1.51,-1.01,0.59,0.9,0.53,-0.31,-0.13,1.31,-1.02,-0.51,0.07,0.24,0.12,0.24,-2.48,-0.85,0.71,0.04,-1.23
Ember Spirit,-0.36,0.15,0.35,0.41,0.79,1.15,0.11,-1.81,0.02,0.95,0.4,-1.54,0.8,2.85,2.65,2.06,0.79,0.04,0.58,-0.21,2.5,-0.99,0.22,-0.98,-0.67,-0.58,-1.09,-1.04,-0.46,0.65,0.61,0.0,-2.75,0.49,-0.18,-1.54,-0.66,0.88,-5.87,-0.07,-2.09,1.41,-1.02,-0.01,0.88,-0.31,-0.12,0.1,-2.36,0.06,0.59,-2.41,0.2,0.36,0.99,1.73,0.19,0.11,0.66,-1.25,-2.74,2.34,-0.78,-1.6,0.03,0.61,0.8,-2.01,-2.16,0.37,0.51,1.23,6.31,0.69,-1.02,0.92,0.38,1.21,1.12,0.29,0.27,0.27,3.24,-1.81,-0.12,-1.02,-0.29,0.67,-2.39,-0.28,0.28,3.42,1.14,-0.71,-1.44,-3.02,1.9,1.57,0.86,-0.54,-1.48,1.51,-0.54,-1.9,0.61,-1.87,2.03,-1.39,1.89,-1.41,-0.1,1.91,1.6,1.0,-0.05,1.95,0.58,0.35,1.64,2.97
Enchantress,2.31,0.55,-0.95,2.54,-1.0,0.97,0.79,1.67,6.71,1.03,1.11,1.98,-0.32,5.37,-0.13,-1.18,3.96,1.25,0.11,-0.34,0.49,0.69,-0.29,1.99,0.23,0.83,2.81,0.37,-0.42,0.63,-1.57,2.79,0.0,-0.06,1.15,0.41,-2.51,1.05,0.58,1.55,0.64,1.21,2.03,0.52,-0.13,0.79,-1.2,0.52,-0.61,0.84,0.02,1.47,1.07,5.76,0.46,-1.27,-0.77,-1.38,0.83,2.82,-1.38,-2.64,-0.61,1.28,1.11,-0.1,1.19,1.96,-0.34,0.88,1.07,-0.47,-2.89,1.01,0.15,1.25,-0.77,-0.4,0.35,1.43,0.59,-0.65,0.89,0.76,1.5,2.18,-0.62,0.17,1.09,0.49,1.63,2.18,1.36,1.46,0.67,0.05,-1.15,1.19,0.54,0.24,-0.34,-0.26,0.19,-0.26,-0.41,0.71,0.78,0.52,1.36,1.76,0.43,2.32,1.3,2.21,-0.54,1.63,-0.81,-0.45,2.6,2.31
Enigma,-0.94,-1.63,0.08,-1.31,-1.3,0.38,1.22,1.15,-0.26,0.1,1.08,-0.61,-2.57,3.45,1.11,2.92,0.61,-1.21,-1.37,1.02,3.45,0.4,0.94,1.63,-0.66,0.0,2.1,-0.15,0.5,-0.46,-1.51,-0.4,0.27,0.0,-0.94,-1.0,0.73,-1.26,-0.49,-1.04,0.72,-0.32,-0.67,-0.67,-1.28,-0.79,0.11,0.29,3.79,-0.86,-0.55,2.06,-0.34,1.82,1.5,0.19,-3.77,2.26,-0.34,-0.01,-1.29,3.02,-1.86,0.61,1.48,-0.76,1.07,3.4,-1.12,2.73,0.98,-1.58,2.33,0.08,-0.02,-0.73,-0.96,0.03,1.04,-1.14,-4.39,0.64,-0.55,0.79,0.03,-1.66,-1.65,1.84,1.11,-0.65,-2.15,-3.13,0.89,-0.73,0.6,1.65,0.1,1.38,0.88,0.25,-0.41,-0.43,0.38,1.12,0.18,1.12,-0.99,-0.43,-1.26,0.15,0.61,2.42,0.19,-2.97,-0.06,-1.02,-1.58,-1.17,-2.44,-2.43
Faceless Void,-0.7,-0.92,0.23,0.51,0.01,-1.46,-1.82,0.27,-2.15,0.95,0.84,1.37,-0.04,0.75,-1.3,-2.01,0.88,-0.29,-0.16,0.42,1.75,-0.44,0.37,-0.54,-0.18,-1.19,-0.92,0.88,1.13,-0.17,0.59,0.09,-0.99,0.07,0.0,-0.86,0.34,-0.18,-0.35,0.93,1.14,-0.46,2.91,0.75,-0.28,-0.27,0.06,0.24,2.08,0.42,-0.43,-1.82,-0.21,-1.13,0.23,0.96,0.48,-2.66,0.04,-0.27,0.33,-2.29,-0.72,0.91,-0.45,0.88,1.29,1.15,-1.47,-0.18,0.16,1.92,-0.11,0.75,0.42,0.4,0.67,0.9,1.63,-0.06,-0.15,0.77,1.09,0.0,-0.82,-0.71,-0.96,-0.99,0.0,1.88,1.39,-0.8,0.16,-0.91,-0.14,-1.08,0.59,-0.45,-0.65,2.18,-1.43,0.21,0.69,-0.04,0.1,0.41,1.79,-0.25,-1.46,-0.6,0.2,-0.28,-0.27,0.68,4.12,1.44,-0.72,0.94,-0.7,1.67
Grimstroke,1.45,-0.33,-0.46,0.12,-2.39,0.05,0.22,0.67,-0.85,-1.31,-0.54,-0.64,0.73,1.96,2.02,0.56,0.97,-0.99,-0.17,1.15,0.05,0.11,0.48,-1.01,-1.04,-1.37,0.36,-0.51,1.13,0.75,-1.46,1.53,-0.32,0.97,0.67,0.0,-1.85,-0.19,-0.6,-0.06,-1.38,0.03,0.7,-1.0,1.61,1.11,-1.24,0.27,-0.69,-0.67,0.7,-1.08,-1.26,-2.2,1.77,0.06,-0.36,1.41,-0.38,-0.67,0.95,3.15,-1.24,2.19,-0.05,0.19,1.85,2.17,0.8,-1.31,2.39,0.23,2.75,-0.59,0.77,2.1,0.04,0.09,-2.93,0.52,-0.15,0.55,-1.76,-0.25,0.5,-1.86,0.31,-0.42,2.41,0.16,-0.7,-1.15,1.56,2.02,-0.71,0.18,-0.77,0.86,0.65,2.58,-0.52,1.09,0.47,1.27,1.1,0.43,0.02,0.71,-0.19,-0.37,0.27,-3.19,1.51,0.51,-1.16,-0.25,-0.7,0.23,0.43,-0.07
Gyrocopter,-2.85,1.9,-1.32,-1.44,-2.13,1.36,0.98,-0.98,3.34,0.26,0.3,-2.24,-1.12,-2.19,-1.2,2.75,-2.79,-1.53,0.02,0.33,0.28,-1.6,0.7,-0.63,-1.04,-1.35,0.42,0.49,1.02,1.72,-0.4,0.6,2.56,-0.47,-0.58,1.85,0.0,0.09,1.14,0.46,-0.38,0.08,-1.17,0.52,0.09,0.42,2.04,0.18,-1.74,1.19,0.86,0.59,-0.02,2.67,-0.01,-0.58,-1.91,0.5,0.3,1.14,-1.13,2.31,-0.7,0.69,1.62,-0.6,0.22,0.08,-1.09,-0.84,0.68,1.03,0.3,0.08,1.58,0.18,-0.28,0.06,0.0,0.75,0.64,-1.31,-1.61,1.1,1.4,-0.01,0.14,1.97,1.21,-0.62,-0.28,-1.35,1.03,0.05,0.73,-1.93,1.07,-0.36,-0.68,1.58,-0.86,-0.09,1.96,1.45,0.3,-1.08,1.35,0.23,1.48,0.04,-1.0,-1.28,0.37,-0.7,0.01,0.5,0.04,0.34,1.08,-0.89
Hoodwink,1.05,0.31,-0.15,1.81,-1.8,-0.63,0.24,0.95,-1.29,-0.43,-1.61,-0.02,1.86,0.32,-0.96,0.18,0.21,-1.48,-0.95,0.55,1.1,0.13,0.26,1.4,-0.03,-0.35,-0.34,-0.53,-0.42,0.51,0.91,-1.16,0.08,-0.81,0.45,0.38,-0.46,0.0,1.1,1.25,1.7,0.07,0.45,0.05,0.4,0.35,1.78,0.41,2.11,0.7,0.57,1.68,-1.02,0.46,0.58,-2.91,0.23,1.24,-0.65,1.84,-0.36,-2.12,-0.16,1.06,-0.45,-2.29,0.0,0.95,0.3,1.77,1.28,-0.51,-1.82,-0.19,-1.29,1.1,-0.02,-0.59,-1.06,-0.8,0.23,-1.9,-0.33,0.97,0.6,-0.45,-0.99,0.98,0.65,-0.29,-0.99,-0.3,-1.49,-0.85,0.89,-0.68,-1.07,-0.41,0.73,-0.69,-2.52,-0.86,0.15,0.31,-0.27,0.59,0.55,1.27,-0.19,-0.56,0.51,-0.92,-0.06,-1.14,-1.88,-0.25,-0.53,0.6,-1.08,-0.91
Huskar,1.38,5.4,-7.37,3.79,1.02,-0.41,1.24,1.59,2.12,-0.7,3.37,-1.42,-1.78,-0.26,0.31,-1.06,0.92,-0.62,1.31,-0.07,-0.96,1.05,0.68,-0.76,1.39,3.24,2.47,-0.48,-0.54,0.65,-0.39,5.68,-0.52,0.63,0.12,0.59,-1.14,-0.87,0.0,0.44,1.68,1.71,1.78,1.48,-0.16,-0.61,-0.04,-0.4,-0.97,-1.46,-0.68,4.05,0.69,4.97,1.12,2.8,-0.12,2.98,1.4,1.92,-1.75,-1.27,-1.66,-6.09,2.92,0.53,1.29,1.2,2.07,1.17,1.28,-0.68,-2.75,2.59,2.24,-0.62,1.32,2.02,0.61,-0.02,1.15,0.35,1.1,-0.34,-1.32,0.65,-0.57,1.38,0.31,-0.18,-0.22,-0.46,1.1,1.36,0.99,0.46,4.55,-0.43,2.99,-2.0,0.7,1.51,1.94,-0.14,0.44,-0.16,-1.32,0.17,0.2,2.73,-3.58,-0.19,2.1,3.49,-0.38,-2.04,3.41,-1.66,0.79,2.71
Invoker,1.01,-0.88,-0.27,1.06,0.84,0.08,-0.96,-0.43,-0.3,-0.8,-1.48,1.67,-0.78,-4.1,0.43,0.65,1.06,-1.81,0.68,0.1,1.42,0.22,-0.84,0.56,0.63,1.51,0.21,-0.67,0.33,0.72,0.21,0.35,-0.8,0.51,-0.86,0.48,-0.41,-1.42,-0.23,0.0,-0.44,0.56,0.61,-0.58,-0.34,0.1,0.58,0.74,-1.29,-0.17,0.23,-0.14,0.07,-2.17,0.34,-0.49,3.69,1.35,-0.21,-0.58,-0.09,1.03,-1.01,0.63,1.16,0.12,1.28,0.76,-1.38,-1.06,0.48,-1.31,-1.17,0.62,-1.04,0.32,-0.62,0.25,-0.5,-2.19,-0.09,0.12,-0.88,0.88,0.5,0.6,-0.37,-0.73,1.11,0.11,-0.59,2.13,0.34,-0.29,-0.13,-0.33,-2.17,1.05,0.17,0.64,0.47,-0.73,0.19,2.28,-0.2,1.8,0.23,0.5,-1.29,0.11,0.91,0.64,-2.74,0.1,-0.6,-0.66,-0.55,-0.34,1.55,0.71
Io,-0.01,0.69,-1.42,3.03,3.29,1.46,0.14,0.16,0.39,1.46,0.29,-3.06,0.03,-1.22,0.63,0.86,-0.73,1.99,2.2,-0.09,-1.51,-1.77,-1.03,-0.99,-0.21,1.23,0.12,-0.6,1.29,-0.08,-2.24,2.08,-0.64,-0.48,-0.85,1.39,0.37,-0.53,-1.63,1.06,0.0,-0.73,2.49,-1.0,-1.92,0.8,-1.22,-1.48,0.7,-0.77,0.96,-0.99,-0.12,1.21,-0.22,-0.57,-2.1,0.16,0.59,-0.79,0.03,0.05,0.91,0.02,1.03,0.37,2.19,2.16,0.27,-1.68,-1.04,0.72,0.93,3.45,0.36,2.86,1.04,-0.38,-1.18,2.1,-0.05,-0.76,1.15,0.82,0.8,0.27,1.17,-0.41,0.02,0.22,1.01,3.08,1.09,1.86,-1.01,0.95,-0.49,-1.44,1.45,-0.69,1.11,0.7,1.21,-0.92,-1.53,-0.94,0.98,0.49,-0.89,0.37,0.09,4.59,0.13,0.74,0.89,-0.5,-1.47,-0.29,1.83,3.2
Jakiro,-0.8,-1.02,0.37,0.62,0.49,1.27,-1.08,0.16,3.13,0.37,-0.02,-0.04,-0.64,2.65,-0.58,2.8,-2.61,-1.76,0.68,0.57,1.88,0.45,-0.15,-0.47,0.69,-0.48,0.24,-0.22,1.32,0.81,-2.17,-1.42,-0.89,0.05,0.15,0.07,0.05,-0.71,-1.69,-0.56,1.06,0.0,-1.23,-0.79,1.04,-0.86,0.78,-0.62,-0.84,-0.89,0.31,2.71,0.61,3.23,0.48,0.39,0.84,6.35,-0.27,0.37,-1.11,4.2,-0.28,0.33,-0.66,0.11,1.02,-0.59,-1.17,0.57,-2.12,-0.22,2.69,0.11,0.91,0.87,-0.62,0.5,-0.79,-0.02,-1.99,0.98,0.29,-0.45,-0.16,-0.16,-0.27,0.54,-1.14,-0.11,-0.96,1.91,1.57,0.03,-0.37,0.67,0.81,1.24,-1.51,-1.11,0.06,0.77,0.69,0.98,0.78,-0.04,-0.5,0.34,0.83,-0.51,-1.15,-0.47,-0.1,1.42,-1.82,-0.87,0.88,-0.46,2.31,0.58
Juggernaut,-0.54,0.55,0.3,-2.54,0.36,-1.12,-1.51,0.92,-0.34,2.39,0.42,1.17,0.46,-2.46,2.83,0.46,-2.28,-1.51,1.93,1.61,1.23,1.67,0.18,-2.21,-0.79,-0.27,0.1,-0.71,1.28,0.13,3.1,2.56,-0.02,0.81,-2.43,0.57,2.68,-1.07,-0.78,-0.39,-1.05,2.16,0.0,1.65,2.16,-1.7,1.61,0.13,-0.04,-0.96,-2.15,-0.71,-0.02,1.11,0.71,1.01,0.65,-1.61,-0.06,0.86,-2.91,2.94,-1.9,-0.39,-1.78,2.71,0.8,-0.84,0.49,-0.67,2.23,-0.37,0.81,2.55,0.35,-1.23,0.27,-0.4,-2.66,-2.96,-0.03,1.49,0.87,0.4,-1.35,0.35,-1.92,1.7,-1.82,0.45,-1.01,2.27,-0.84,-1.3,-1.09,0.03,-0.72,0.0,4.08,0.44,0.85,0.26,2.94,-0.15,0.82,4.8,1.49,-2.82,0.05,3.07,3.0,-0.71,-1.41,0.36,-2.07,-2.68,-0.15,0.42,-0.16,1.77
Keeper of the Light,1.39,0.8,0.72,1.5,1.4,0.41,-3.13,-0.89,2.85,-0.44,-0.44,0.78,1.1,2.24,1.33,1.34,1.04,0.9,0.16,1.25,1.59,-0.2,-0.36,1.58,0.02,-0.15,0.2,1.2,0.76,0.76,0.7,0.21,-0.59,0.76,0.04,1.08,-0.64,2.1,-1.51,1.9,0.95,1.21,1.36,0.0,0.58,0.46,1.33,0.7,0.14,0.85,2.45,2.77,1.09,1.43,-0.35,0.93,0.92,0.0,1.25,0.73,1.02,1.57,0.24,-0.36,-0.09,0.67,2.45,0.03,0.89,0.11,-0.46,0.91,2.13,1.29,-0.7,2.77,0.61,-0.01,-0.81,0.43,1.38,1.38,0.77,1.0,1.23,1.32,-0.15,1.04,0.95,0.83,1.08,2.04,1.54,0.9,1.42,2.12,-0.36,2.12,1.5,0.79,0.07,0.34,1.09,1.25,-1.14,1.85,1.43,1.3,1.23,-0.02,-0.14,0.82,-0.65,0.79,-1.24,1.3,1.16,1.13,2.94,1.96
Kunkka,0.75,-0.19,-0.22,3.1,1.63,1.36,0.75,-1.17,4.09,0.2,-0.9,-0.27,-0.27,8.02,0.71,3.45,6.05,-0.23,0.29,1.23,-0.85,-0.61,-0.32,-1.68,-0.52,-0.49,-1.15,-0.54,1.02,0.34,0.41,-0.91,0.17,1.23,0.41,-1.65,-0.24,0.52,0.08,0.97,1.97,-0.9,-0.19,-0.49,0.0,2.06,-0.57,0.09,-2.47,0.57,2.18,1.36,0.92,4.56,-0.38,1.06,0.84,5.52,-0.01,-1.42,0.07,4.37,0.38,0.31,0.9,1.61,1.73,0.01,-0.13,0.84,-1.39,1.42,3.0,-1.65,0.47,2.29,0.45,0.67,0.66,0.91,-0.06,0.71,0.42,-0.23,0.61,-1.09,1.78,-1.06,0.41,0.35,-0.5,1.39,0.88,1.16,-0.86,-0.05,-1.05,-0.08,1.21,-0.04,0.65,0.51,0.58,0.73,0.84,-0.12,-1.43,-0.11,0.15,-1.01,0.84,-0.04,0.46,-0.54,-0.99,0.76,0.3,0.09,1.58,0.96
Legion Commander,-0.42,0.54,0.11,5.08,1.6,-0.15,-0.79,1.87,1.1,1.26,1.5,1.65,2.27,4.18,0.88,-0.01,-0.1,2.66,-0.45,-0.28,0.7,1.03,-1.16,0.1,1.14,-0.29,-1.61,0.34,-0.47,-0.49,-0.49,0.57,0.11,0.4,0.31,-0.89,-0.28,-0.74,1.17,-0.1,-0.27,0.94,1.86,0.8,-1.61,0.0,0.04,-1.55,-1.79,-1.14,-1.21,-1.29,-1.34,2.05,-1.42,-1.61,-2.0,-2.1,0.56,-2.04,-1.42,3.91,0.94,-0.66,0.52,1.53,1.44,-3.68,-2.18,-2.17,-0.55,-0.79,1.55,1.17,0.87,-0.27,-1.22,2.08,-0.82,0.64,0.97,-0.4,-1.65,-0.43,0.06,2.18,0.36,-1.01,0.42,-0.93,0.75,-1.03,-2.02,1.06,-0.97,-0.22,-0.48,-0.09,1.17,-0.43,-0.87,-1.42,-1.42,-2.25,-1.62,0.18,1.15,-1.58,-1.58,2.49,1.41,-0.35,0.57,1.84,0.85,0.47,-3.49,-0.38,-0.52,0.08
Leshrac,1.88,2.65,-0.64,-0.11,-0.84,0.69,-0.14,2.26,0.82,-0.74,0.61,-0.66,0.29,2.68,0.39,3.36,2.67,-1.06,-0.41,0.94,1.25,0.44,-1.07,-0.42,0.12,-0.69,-0.45,-0.94,1.52,0.31,2.73,0.14,1.25,-0.26,-0.07,1.23,-2.07,-0.96,0.04,-0.01,1.24,-0.53,0.08,-1.36,0.51,0.34,0.0,1.87,-1.06,-0.43,0.92,1.15,-1.57,4.8,1.25,0.87,-1.93,8.48,0.47,0.19,0.03,10.2,1.16,0.48,0.16,-1.96,1.03,1.59,0.04,1.83,-0.24,0.82,7.22,-0.25,0.16,1.42,0.58,-1.34,-0.66,1.48,-0.8,1.13,0.03,0.67,0.16,-0.02,-0.04,0.85,3.55,-0.06,-1.44,0.96,1.86,1.12,-1.08,-0.72,2.14,0.81,0.5,1.17,1.81,0.0,1.37,0.01,1.3,0.76,-2.66,-0.08,0.65,-1.95,-2.14,1.78,2.07,1.38,-1.76,-0.73,1.28,0.6,2.34,-0.32
Lich,1.38,0.42,-1.17,-1.53,0.08,0.11,-0.98,0.72,-1.11,-1.41,-0.21,-1.59,-1.5,-1.14,0.0,2.17,-0.41,-0.48,0.43,0.23,-0.45,-0.95,-0.01,-0.99,-0.11,-0.01,0.84,0.14,-0.27,-0.51,-1.55,-0.07,-0.25,-0.53,-0.44,-0.17,-0.14,-0.87,0.51,-0.68,1.86,0.63,0.5,-0.25,0.12,1.46,-1.79,0.0,0.96,-0.63,0.2,-1.05,0.95,-1.63,0.89,0.78,0.92,5.45,-0.33,0.8,-0.31,2.24,-0.68,1.47,0.65,0.02,1.54,2.55,-0.57,-1.17,0.45,0.51,0.03,-0.64,-0.85,0.46,-1.41,-0.67,0.38,-0.78,-0.43,0.0,-1.4,-0.14,0.23,-0.79,-0.03,0.77,-0.42,-0.28,-1.03,-0.98,1.24,0.02,0.18,-0.36,0.81,1.54,1.0,-0.72,-0.88,0.54,0.8,0.19,1.79,1.14,-0.72,0.74,0.54,0.28,-0.1,-0.44,0.25,0.09,-1.97,0.46,1.44,-0.22,0.5,-0.04
Lifestealer,1.51,1.45,-0.38,1.01,1.04,1.77,-2.27,0.5,-0.65,3.08,-0.43,0.2,-0.37,-2.31,1.05,0.18,-0.61,0.15,-0.97,0.91,0.03,0.58,-0.33,-1.4,0.63,0.42,0.63,0.39,1.32,1.55,2.2,2.44,0.61,-4.3,-1.6,0.6,1.63,-0.68,0.82,1.84,-0.72,0.97,1.74,-0.08,2.42,2.2,0.94,-0.84,0.0,0.1,1.05,0.01,-0.59,-0.19,-1.49,0.85,-1.61,-1.9,0.28,0.61,-0.77,-1.49,-0.97,-0.49,0.04,2.21,2.56,-1.3,0.44,-0.43,-0.85,0.08,-0.05,1.51,1.21,2.44,0.86,-0.46,-1.54,-0.52,-0.59,2.14,-0.91,1.53,-0.23,-0.02,-0.88,-1.42,-0.16,0.95,1.21,3.09,-0.9,-0.48,1.49,2.91,-2.11,-1.9,0.89,0.7,1.79,2.25,-0.82,-0.18,-0.22,1.84,1.88,-1.45,-0.17,2.14,2.58,-1.36,0.2,1.07,-0.91,-0.9,-1.75,0.19,2.7,3.32
Lina,1.15,0.37,0.63,2.42,-0.58,-0.45,-0.68,-0.58,-0.38,-0.37,-0.11,0.21,0.49,2.29,-1.39,0.51,-0.97,-0.33,-0.26,0.76,0.73,-0.98,0.62,-0.57,0.2,0.27,-0.63,-0.72,0.8,0.49,-0.74,-0.24,-0.76,0.11,-0.4,0.53,-1.71,-0.13,1.37,0.37,0.9,0.63,1.68,-0.38,-0.57,1.27,0.36,0.39,-0.04,0.0,0.99,1.5,-0.63,-0.24,0.58,-0.39,-0.77,4.23,0.23,0.86,2.1,1.15,-0.77,1.18,-0.07,-1.0,1.29,1.01,0.65,0.66,0.47,-0.1,0.98,1.46,0.27,1.36,-0.69,0.78,-0.82,-0.34,0.04,0.77,0.44,0.7,0.47,0.4,-0.31,0.54,1.57,0.33,-0.99,-1.13,-0.29,0.42,0.37,0.1,-1.69,0.75,0.26,1.2,-0.16,-0.17,0.31,1.68,-0.08,0.12,0.69,1.07,-0.08,0.13,-0.12,-2.04,-0.03,0.88,-0.43,0.08,-0.52,0.43,0.67,-0.06
Lion,1.76,0.07,0.81,0.23,-1.17,-0.57,-0.38,0.61,-1.17,0.21,1.42,0.67,0.71,0.49,-1.09,-0.4,-0.88,0.22,-1.14,-0.41,-0.57,0.11,-0.25,0.39,-0.59,-0.54,-1.01,-1.04,0.51,0.5,0.61,-0.18,1.54,-0.24,0.77,-0.25,-0.76,-0.81,1.38,-0.21,0.02,-0.38,2.17,-0.72,-1.53,1.29,-0.35,-0.2,0.02,-0.59,0.0,0.48,-0.63,-0.3,0.26,-0.66,-0.46,0.72,-0.35,0.54,1.65,1.21,-0.53,0.97,-0.46,2.01,0.62,-0.71,0.22,-1.64,0.28,-0.58,0.55,0.36,0.91,-0.16,-0.82,0.06,-1.01,0.21,-1.02,-0.26,0.51,0.59,0.17,-0.75,-0.08,0.64,1.15,-0.79,-0.33,-1.24,-0.54,1.31,-0.29,0.8,-0.51,-0.2,-0.86,1.3,0.33,-0.19,-0.49,1.67,0.25,-0.38,-0.44,0.68,-1.07,-0.7,-0.59,-1.09,0.42,-0.96,0.58,0.36,-0.35,-0.27,-0.17,0.48
Lone Druid,2.6,0.01,1.69,5.01,2.41,1.02,0.57,-1.69,-3.18,1.69,-0.81,0.28,-3.57,-5.9,-1.06,-0.57,0.81,0.25,-0.51,-0.6,0.5,-2.54,-0.87,0.86,0.71,1.89,0.05,-3.53,1.59,-1.49,-5.01,2.14,-1.49,-1.79,1.16,0.98,-0.55,-1.7,-3.98,0.08,0.94,-2.48,1.48,-2.89,-1.5,1.24,-1.18,0.98,-0.43,-1.78,-0.24,0.0,-0.7,-2.17,-0.35,4.26,-1.93,-2.06,1.69,-0.91,-2.14,-7.28,0.51,-1.01,2.33,0.09,0.76,-1.93,1.91,-4.06,-0.97,-2.38,-1.94,-1.71,4.34,2.65,-0.66,1.18,-0.07,-0.12,-0.2,-0.1,3.77,0.51,1.22,2.26,0.6,-1.81,0.77,0.44,-1.06,4.73,1.36,2.71,-2.48,2.4,-2.08,-1.64,-1.08,-0.59,2.75,1.68,-1.77,-0.67,0.35,-3.05,-1.65,-0.44,1.22,-1.06,-0.99,3.86,2.94,1.29,-3.56,-1.68,-5.3,-0.4,1.91,3.42
Luna,-0.11,1.23,-0.08,0.22,-0.69,1.15,1.09,-1.93,-0.6,0.76,0.61,0.49,-2.87,-0.17,0.08,-0.05,-1.78,0.86,-1.6,-0.21,-3.65,-0.36,0.88,2.45,-0.23,0.84,1.05,0.12,-0.16,0.21,-0.56,-0.21,-0.87,0.47,-0.27,1.3,0.1,-0.12,-0.59,-0.16,0.3,-0.61,0.58,-0.84,-0.87,1.11,1.76,-0.92,0.4,0.18,0.41,0.82,0.0,0.38,-0.16,0.13,-2.66,-1.01,0.51,2.28,0.23,-0.13,-0.86,1.94,0.86,-0.84,0.06,0.8,1.0,0.46,0.31,0.21,-2.68,1.01,0.37,-0.91,1.59,0.23,1.15,2.07,-1.95,-1.96,-2.16,0.49,0.99,1.42,-0.59,2.45,-0.19,-1.16,-0.74,-3.18,-0.35,0.21,0.25,-1.79,1.5,-2.08,-0.32,2.24,-0.88,-0.55,-0.07,0.85,0.28,-0.62,1.9,0.25,0.44,-0.3,-1.79,-0.03,0.61,-2.07,0.37,0.33,1.03,-0.99,-0.38,-1.02
Lycan,-0.88,-2.0,4.54,1.65,5.24,-2.05,4.57,1.12,5.07,-1.9,-0.29,-1.06,-7.32,-1.53,1.03,-1.49,0.62,2.57,3.54,-1.45,1.49,-0.89,-2.28,0.1,1.37,2.55,-1.67,2.34,0.47,-4.96,-1.3,-0.53,-5.66,-1.37,0.6,1.91,-2.76,-1.04,-5.01,1.77,-1.41,-2.76,-0.1,-1.58,-4.6,-1.75,-4.46,1.58,-0.18,-0.23,0.27,2.37,-0.19,0.0,-0.43,0.89,-5.34,-2.03,1.76,-2.72,0.29,-8.1,-2.42,-1.04,4.36,3.63,2.66,1.14,3.5,-2.71,0.29,-1.63,-4.04,-3.18,1.9,2.75,0.6,-1.93,0.74,2.29,1.0,0.41,3.73,0.25,0.88,3.3,1.36,-0.68,1.55,1.45,-0.22,1.81,0.03,-0.22,-5.62,-0.08,-0.24,-1.41,-2.81,-2.73,1.13,-0.83,-1.3,-2.48,0.98,-1.74,-1.2,1.26,1.78,-1.29,1.33,7.0,1.48,-1.59,-3.03,0.83,-5.17,-2.22,3.56,4.05
Magnus,0.63,-0.19,-0.66,3.05,0.22,0.4,0.11,-2.17,-0.52,0.21,0.99,-0.62,0.76,3.64,-0.05,1.56,-0.94,-0.34,0.65,2.04,-1.31,-0.61,0.16,-0.59,-0.6,-2.7,-0.89,1.19,1.02,-0.39,-2.5,-0.96,-0.41,-1.8,-0.16,-1.81,-0.13,-0.05,-1.19,0.19,0.25,-0.37,0.74,0.5,0.38,1.63,-1.31,-0.71,1.44,-0.58,0.48,0.21,0.16,0.21,0.0,0.67,-1.14,-0.72,1.09,-0.86,0.02,0.77,1.65,-2.19,-0.07,0.68,2.12,-1.31,-0.25,0.53,-0.06,0.61,2.5,-0.5,-0.65,2.29,0.02,-0.43,-0.61,-1.66,-0.27,1.39,-0.83,0.99,-0.24,0.35,0.68,-0.19,0.47,1.08,0.57,0.16,0.19,1.49,0.69,1.22,-0.56,-1.36,0.53,0.44,-0.04,0.34,0.67,-2.27,2.49,0.12,1.04,-0.9,-0.42,1.05,0.56,0.84,-0.03,-0.35,0.22,0.42,-1.67,0.17,0.59,1.49
Mars,-1.18,-1.35,0.13,-0.63,0.63,0.12,-0.38,-1.06,-1.09,-0.67,-0.46,-0.41,0.71,2.39,1.09,-0.88,-2.15,2.07,0.07,0.19,0.48,-0.37,0.0,-2.89,-0.9,-1.13,-0.78,2.64,-0.92,0.11,-0.11,-1.69,1.99,-0.49,-1.1,0.11,0.75,1.75,-2.87,0.51,1.12,-0.42,-0.37,-0.19,-0.84,1.57,-0.63,-0.84,-0.66,0.24,0.61,-4.7,-0.19,-1.17,-0.45,0.0,0.58,-2.66,0.03,-0.63,-0.75,-0.78,0.87,-1.69,-2.88,0.37,0.56,0.72,-0.24,-0.85,-0.44,0.0,-2.42,-0.09,-0.67,0.47,-0.79,-0.97,-0.04,-2.13,0.09,-0.03,-0.97,-0.42,-0.01,-0.13,-0.65,0.52,2.0,-0.94,2.01,-0.55,1.02,-1.4,-0.34,0.17,-1.36,0.5,-0.01,-1.32,-2.16,-0.83,1.7,0.37,-0.51,-1.02,-1.34,0.28,0.57,-0.84,-0.36,-1.04,-2.31,-0.27,1.44,2.86,-2.4,0.42,-0.14,0.66
Medusa,1.4,-0.64,0.17,-6.28,-0.92,0.36,1.05,0.62,4.04,2.9,0.19,-0.63,-1.42,-1.84,-1.97,2.85,1.75,-1.23,-0.63,0.46,-2.57,-1.05,0.32,3.14,-0.78,0.91,0.42,-0.36,-1.11,-0.21,-1.9,-0.14,1.28,3.82,-0.87,0.42,2.06,-0.93,0.21,-3.34,2.29,-0.75,0.08,-0.81,-0.89,1.67,2.14,-0.92,1.45,0.29,0.22,2.11,2.67,5.67,1.01,-0.59,0.0,3.58,-0.58,-0.78,-0.17,2.63,-0.06,2.87,0.33,-4.68,-0.8,-0.31,2.08,1.38,-1.75,0.82,0.83,0.87,2.48,0.0,1.66,1.85,0.11,-1.8,-1.85,-0.58,-1.08,0.87,-0.26,1.17,1.51,1.15,-2.3,-0.05,-3.31,0.21,2.34,1.88,1.64,1.5,3.52,0.12,-1.38,0.11,0.24,0.5,0.19,1.22,0.44,-1.96,3.93,-0.36,1.12,0.28,0.84,4.02,1.52,1.12,1.16,-0.27,-1.38,0.7,0.68,-0.45
Meepo,3.84,0.7,-1.92,9.04,6.96,0.08,6.59,-5.92,-1.54,2.9,3.07,-2.2,-1.57,8.68,-1.58,1.83,7.59,9.13,4.09,-2.69,-1.34,-2.55,1.96,-1.32,-0.64,3.38,2.76,-0.8,-0.81,-9.61,-13.61,-0.19,1.36,-2.13,1.93,-1.42,-0.44,-1.48,-2.94,-1.03,-0.19,-5.96,2.16,-0.17,-5.45,1.96,-8.4,-5.12,1.52,-4.17,-0.43,2.07,1.05,2.27,0.56,2.44,-3.34,0.0,2.6,-4.14,-0.2,-0.22,2.97,-2.18,4.62,0.4,4.33,0.73,1.91,-3.62,-6.15,1.66,1.89,-2.27,1.89,1.81,-0.66,1.37,2.36,2.62,-1.79,-5.56,0.09,-6.02,3.8,0.48,0.05,1.73,-0.07,-4.61,0.11,0.4,2.15,4.25,-5.76,-2.97,3.65,-3.44,-1.04,-4.3,0.36,-0.52,-3.9,-5.21,1.45,-5.46,1.34,0.13,1.53,-0.13,-3.63,-1.18,2.76,-4.25,0.71,-1.33,-8.78,-3.39,4.28,2.08
Mirana,-1.66,0.51,1.02,0.3,0.5,-1.05,-0.62,-1.43,-0.19,-1.25,-1.51,0.5,-0.31,-1.75,0.09,-0.73,-3.12,-0.79,1.42,-0.41,0.3,0.25,-0.16,1.01,-0.98,0.24,-0.12,0.66,0.29,-0.42,-1.09,-0.25,0.12,0.33,-0.22,0.95,0.12,-0.53,-1.08,-0.01,0.25,0.44,0.16,0.02,0.65,-0.6,0.23,0.52,0.13,-0.27,0.06,-1.5,-0.39,-1.66,-0.56,0.04,0.75,-2.54,0.0,0.45,0.01,-1.49,0.42,-0.75,0.72,-0.28,0.13,-1.29,-0.63,-1.68,-0.65,-0.25,-1.29,0.74,-0.53,-0.55,-0.18,-0.18,-0.16,-0.48,-1.44,-0.13,-0.18,-0.26,0.33,0.54,0.25,-0.1,0.48,-0.07,0.5,-0.1,-0.16,0.02,-0.26,-1.14,-1.22,-0.98,-0.6,0.37,0.41,-1.25,-0.66,0.37,0.62,-0.79,0.18,0.03,-0.25,-1.45,0.55,-0.75,-0.69,0.17,1.05,-0.02,-0.35,0.43,-0.83,-0.89
Monkey King,2.87,2.64,-2.16,2.94,-0.18,1.62,1.38,-3.09,-0.65,0.16,-1.26,-0.8,-0.32,4.45,2.84,0.43,-0.84,-0.39,-0.15,0.67,2.14,0.45,1.9,0.66,0.53,0.63,0.01,0.25,1.73,0.84,0.53,1.54,-2.35,-0.02,-0.08,0.99,-0.94,-2.43,-1.73,0.34,1.47,-0.34,-0.5,0.02,1.89,1.75,0.22,-0.81,-0.39,-1.08,-0.72,1.28,-2.36,3.24,1.19,0.61,0.81,4.82,-0.42,0.0,-0.31,1.47,-0.72,-1.62,-0.26,0.74,-0.96,-0.05,2.17,-2.32,1.15,-0.9,1.07,-1.24,2.72,0.09,-1.32,-2.57,-1.61,0.85,0.09,-0.01,1.09,0.95,0.46,0.29,-1.9,-0.2,-2.44,-0.99,-2.72,0.59,0.28,-0.29,-0.79,-1.6,1.5,-0.55,1.31,-0.87,-3.63,-0.45,0.61,-0.48,0.45,2.14,1.56,0.08,-0.02,-2.42,-3.29,2.72,1.68,1.94,-0.78,-3.32,1.16,-0.13,3.26,-1.9
Morphling,0.4,2.33,-4.26,-2.66,2.64,-2.77,-2.16,-1.49,0.43,1.93,1.62,0.76,1.21,-2.24,-1.2,-1.6,1.47,1.26,0.73,0.06,-1.66,-0.13,1.68,0.97,-0.35,-1.03,-0.85,0.22,-1.75,-1.57,-0.32,2.86,1.87,0.97,-0.53,-0.89,1.24,-0.18,1.95,0.11,0.26,1.15,3.18,-0.63,0.05,1.36,0.17,0.37,0.78,-2.2,-1.32,2.24,-0.27,-0.48,0.11,0.75,0.2,0.27,0.14,0.35,0.0,-3.13,2.6,0.4,-0.27,-2.61,0.16,2.4,-1.51,-3.26,-0.73,2.44,-3.19,2.5,-3.25,0.07,0.03,-0.76,2.93,0.24,-2.52,-0.93,1.52,-2.13,0.12,-0.12,-1.53,-0.41,-1.02,-0.68,4.32,1.44,1.44,-2.69,-0.04,-2.53,0.12,-1.44,-0.11,-0.55,-2.53,-2.16,2.29,0.04,0.78,0.74,1.41,-1.09,-0.12,1.62,2.6,-0.08,-1.76,1.24,1.76,0.96,1.62,1.35,0.05,-0.25
Naga Siren,0.59,-0.99,-0.28,0.31,4.14,-2.49,3.49,1.17,4.85,2.16,6.08,-4.8,0.43,5.39,-3.99,4.82,-2.97,7.74,-0.65,-3.78,-3.69,2.61,-0.53,-0.61,-1.46,1.89,-1.97,1.85,-1.2,-5.0,-1.02,-2.58,2.51,-2.93,1.13,-2.88,-2.65,0.38,1.11,-1.07,-0.2,-3.92,-1.72,-1.9,-4.45,-3.62,-9.86,-2.21,0.99,-1.54,-1.14,6.6,-0.07,8.08,-1.07,0.77,-2.56,-0.17,1.62,-1.35,2.77,0.0,2.17,-5.08,5.94,1.19,3.57,-1.4,-0.89,1.6,-2.71,-0.09,1.64,-3.01,-2.53,0.77,0.13,-0.73,5.33,2.86,-1.45,-7.58,0.58,-2.41,2.4,4.67,2.65,3.84,2.0,-3.1,-1.25,0.97,1.98,-0.23,-4.85,0.42,5.07,1.94,-3.2,-5.88,0.69,-0.83,0.06,-0.95,2.49,-8.01,0.83,1.09,1.44,0.28,0.58,8.93,1.14,-1.2,1.73,0.22,-4.09,0.17,2.92,-3.26
Nature's Prophet,1.14,1.54,0.93,1.4,0.38,-0.44,1.48,-1.24,-1.02,1.21,0.05,0.8,0.3,-1.68,-0.83,-0.01,-0.46,1.95,0.24,0.27,0.6,1.33,0.17,1.77,1.17,0.71,0.45,1.73,-1.78,0.11,1.11,0.83,0.61,1.88,0.97,1.24,0.62,1.3,1.6,1.84,-0.99,0.46,3.49,-0.21,-0.35,0.04,-1.23,0.93,0.87,0.89,1.7,-0.78,0.99,2.31,-1.61,-0.44,0.15,-3.35,0.39,1.18,-2.27,-2.57,0.0,0.8,-0.04,-0.36,2.53,1.05,1.73,1.4,0.2,-0.66,-1.28,0.93,2.74,1.51,0.55,0.4,3.36,1.91,0.56,0.05,-1.92,0.35,1.52,2.07,1.09,-0.46,-0.54,0.27,1.72,-2.63,-0.69,0.62,0.68,1.24,-0.09,-0.59,1.92,0.49,0.03,0.4,-1.33,1.47,0.38,-0.07,0.79,0.45,-0.17,2.15,2.34,-0.1,0.56,1.51,1.97,1.81,-0.79,1.29,0.51,1.01
Necrophos,0.34,1.02,-2.55,-2.46,-1.74,1.65,1.68,-0.42,3.07,1.93,1.44,-0.85,1.81,5.68,1.9,0.33,2.74,0.42,0.19,-0.75,-1.33,-0.55,-1.43,-2.52,-0.83,-1.88,1.69,-2.46,0.5,-0.59,-0.85,1.55,-1.08,-0.59,-1.28,-2.19,-0.66,-1.66,6.35,-0.68,0.15,-0.34,0.85,0.54,-0.35,0.43,-0.4,-1.49,0.32,-1.52,-0.94,1.12,-1.9,1.15,2.15,1.53,-2.96,2.33,0.83,1.59,-0.46,5.22,-0.77,0.0,1.21,0.04,0.98,3.16,-0.43,1.8,0.02,0.22,3.03,-0.79,-0.3,-1.28,-2.19,0.09,4.17,1.59,-0.1,-0.49,-1.44,-1.25,-0.08,-2.58,-2.78,0.06,2.69,-1.56,-2.71,4.58,2.19,0.43,-1.65,-0.03,1.39,-1.32,1.91,1.57,-0.96,1.58,0.59,0.19,0.89,-0.72,-0.6,1.1,-0.47,-0.51,-3.22,-1.59,2.26,0.05,0.06,0.19,2.76,0.17,0.65,0.03
Night Stalker,0.55,-2.2,1.06,1.04,-1.76,1.11,0.13,0.89,-2.62,-2.91,-0.7,-0.25,-1.43,-3.32,-0.11,-1.68,-5.57,0.16,1.6,-0.12,-2.28,-0.56,0.77,-0.41,-0.39,0.52,-1.38,-0.03,-0.81,0.8,0.79,-0.1,-0.84,-1.43,-0.32,0.03,-1.62,-1.12,-2.87,-1.38,-0.8,0.46,1.6,0.26,-1.15,-0.78,0.02,-0.75,-0.31,-0.65,-0.12,-2.29,-0.77,-4.4,-0.11,2.4,-0.41,-4.99,-0.62,0.3,0.1,-6.01,-0.11,-1.12,0.0,1.24,-0.94,0.22,0.75,1.18,0.01,-0.57,-2.26,-2.83,2.12,-0.25,0.7,0.4,-1.81,1.11,0.39,0.83,-0.03,-0.39,-0.16,1.53,1.01,-0.24,-0.56,0.79,-1.19,-0.31,-1.48,1.97,-1.41,-0.98,-1.73,-2.9,0.65,1.55,1.0,0.26,-1.19,-1.99,0.96,-1.18,-0.23,0.39,-0.48,-2.05,-0.94,-1.6,2.17,-0.5,-0.14,-0.75,-0.91,-0.43,-1.56,1.09
Nyx Assassin,0.28,-0.22,1.42,1.54,-1.14,-1.18,0.66,2.6,-1.61,0.06,-1.3,0.92,1.54,-1.26,0.65,-0.47,0.38,-1.44,-1.1,-0.62,0.03,0.8,-0.26,0.16,-0.26,0.14,-1.72,-0.5,-0.19,-1.05,-0.11,-0.77,0.38,0.82,-1.64,-0.22,0.66,-0.41,-0.48,-0.84,-0.18,-0.27,-2.38,-0.56,-1.72,-1.89,2.11,-0.2,-2.28,-0.04,-2.48,0.08,0.76,-3.48,-0.81,-0.69,4.52,-0.26,0.05,-0.87,2.27,-1.63,0.3,-0.08,-1.24,0.0,-0.76,0.49,-0.33,1.0,0.19,-0.1,-0.69,0.3,2.11,-1.47,1.01,1.0,0.34,-1.06,-1.74,-0.59,1.04,-0.37,-0.54,-1.04,-0.19,-2.18,-0.33,-0.51,-0.01,0.83,-0.45,0.27,-1.68,-0.82,-3.31,0.11,-0.53,3.01,1.91,-0.8,0.32,0.89,-1.53,-0.76,0.0,-1.39,-0.53,-1.12,0.32,1.56,0.65,-1.77,1.53,-0.55,-0.42,-0.57,-1.55,-0.54
Ogre Magi,-1.04,-0.87,-0.18,-1.64,-0.31,-0.02,0.5,0.87,-1.42,0.65,0.44,-0.52,1.28,-1.62,0.93,-2.64,0.96,1.28,0.58,-0.28,-0.91,-0.72,0.42,0.08,-0.1,0.16,1.48,0.59,0.13,-0.19,-0.89,0.56,1.41,-1.1,-0.59,-0.46,1.34,-0.8,0.13,-1.0,-0.18,-0.21,-0.82,0.69,0.11,-1.13,0.78,-0.83,-0.87,-0.28,-0.56,0.58,0.82,-2.04,-0.56,0.13,2.04,-3.97,0.18,1.58,0.83,-3.4,-0.41,-0.23,1.62,1.01,0.0,-0.19,-0.86,1.02,0.01,0.32,-4.31,-0.35,-0.61,-1.69,1.35,-0.26,2.26,1.36,-0.84,-1.05,-0.17,-0.02,-0.15,-0.09,0.27,0.73,-1.17,0.13,0.1,0.22,-0.12,-0.66,0.71,-0.23,1.23,-0.6,-0.58,1.47,-0.49,0.52,-0.38,2.69,-0.21,-0.43,-0.15,2.17,-0.11,0.67,-0.76,-1.06,0.32,-1.2,1.22,0.84,-0.36,-0.85,-0.08,0.29
Omniknight,0.6,0.84,-2.87,-1.09,1.74,1.8,0.04,2.73,-0.08,0.73,1.58,-1.48,1.63,-1.63,1.55,0.66,-2.65,0.84,1.16,-0.87,-2.84,0.45,0.15,-0.65,-0.51,-2.08,-0.5,-0.69,0.72,-0.43,-3.21,1.8,-1.91,-3.37,-1.73,-2.22,-0.13,-1.92,-1.21,-1.05,-2.14,0.45,0.92,-0.12,-0.23,2.91,-1.61,-2.51,0.77,-1.63,0.2,2.01,-0.75,-1.71,1.06,-0.84,0.23,-0.7,1.2,0.05,-2.44,1.73,-1.21,-3.09,-0.08,-0.43,0.78,0.0,0.76,-2.78,-1.03,1.09,-0.56,0.02,-0.16,1.11,-2.63,-0.65,-1.55,0.82,-1.56,-2.48,-1.86,-2.46,0.82,-1.51,-0.15,0.65,-0.24,0.1,-0.8,2.05,0.95,0.29,-0.04,-0.56,0.85,-0.55,1.5,-2.42,-1.05,-1.08,0.94,0.53,1.17,-2.73,-0.87,0.76,-0.1,-1.03,-0.65,-1.09,0.68,0.86,-1.66,-1.09,-0.26,0.19,1.91,-0.35
Oracle,-1.58,-1.52,1.03,-0.58,2.11,0.55,0.41,3.05,-3.14,-1.58,0.93,0.29,-1.93,-2.16,0.39,-1.36,-1.86,0.99,0.53,0.55,2.71,1.27,0.43,-1.84,1.23,0.6,-2.52,-1.04,0.69,-0.32,-0.15,2.03,0.42,1.29,0.99,-0.81,1.08,-0.62,-2.07,1.31,-0.22,1.16,0.34,-0.9,0.03,2.01,-0.03,0.62,-0.69,-0.97,0.01,-1.96,-0.93,-3.77,0.16,0.28,-2.04,-1.96,0.92,-1.82,1.46,1.06,-1.77,0.45,-0.77,0.38,1.9,-0.8,0.0,-2.89,0.81,0.47,-1.09,0.57,0.18,0.74,-0.64,0.42,-2.64,-1.28,-0.27,0.66,-2.54,-1.33,0.19,0.92,1.86,-0.12,0.48,-0.47,-0.27,-0.2,0.26,2.21,-0.94,1.51,-3.84,0.34,-0.51,-2.23,-0.14,-1.05,0.83,0.57,-3.44,-0.15,-1.78,1.17,-1.11,-0.52,-1.13,1.52,0.42,0.81,0.58,0.79,0.1,-0.41,0.64,2.24
Outworld Destroyer,1.4,2.26,0.62,3.03,-0.06,3.65,-0.82,0.27,-4.62,1.93,1.08,-2.52,0.96,-2.94,0.46,-0.5,2.28,0.8,0.97,1.5,0.86,-1.2,1.85,0.5,-0.18,0.53,3.4,2.09,1.45,1.51,-2.02,0.12,-0.86,-2.51,1.56,1.61,0.91,1.86,-1.04,2.87,1.6,0.27,3.92,-0.11,-0.54,3.9,-1.75,1.93,0.77,0.45,3.78,3.72,0.09,2.66,-0.18,2.02,-0.92,3.73,3.25,3.3,4.05,-1.32,-1.09,-1.36,-0.75,-0.52,3.02,2.92,3.02,0.0,0.79,2.09,-0.74,0.59,-1.02,4.31,-0.62,-1.21,0.92,1.02,-0.19,0.07,-1.19,3.42,1.73,-0.52,0.65,1.71,4.02,0.99,2.08,0.86,1.9,-0.69,0.89,0.55,-2.43,0.63,2.67,2.94,-0.83,-0.5,-0.18,4.53,1.35,1.73,-0.22,-0.23,1.24,-1.02,1.37,-2.62,0.2,0.27,1.2,2.08,0.23,1.42,2.03,0.42
Pangolier,0.37,-0.44,0.85,0.64,0.9,0.1,-0.98,-0.57,0.85,-1.76,-0.25,3.91,0.11,3.07,-1.41,1.93,0.68,-2.6,1.67,0.36,0.66,-1.36,1.77,-0.37,-0.14,-0.79,0.35,-1.37,1.1,-0.26,-2.57,-0.51,-1.0,-0.98,-0.3,-2.37,-0.7,-1.05,-1.28,-0.16,1.11,2.11,-0.7,0.48,1.3,0.72,0.24,-0.36,0.63,-0.69,0.12,0.97,-0.31,-0.44,0.01,0.54,1.72,6.27,1.04,-0.82,0.72,2.91,-0.24,0.01,-0.1,-0.16,1.3,1.0,-0.81,-0.62,0.0,0.73,3.26,0.1,-2.38,1.06,-0.59,-1.32,-1.29,-1.39,-0.58,1.26,2.23,0.08,-0.22,0.4,-1.53,0.45,0.69,0.41,-0.21,1.61,-0.05,-1.76,-1.71,-0.99,0.55,0.51,1.4,1.03,0.19,0.33,-0.69,1.46,2.2,0.78,1.69,0.64,1.7,0.5,0.35,2.27,-1.16,0.91,-1.45,0.48,-0.11,0.61,2.0,1.02
Phantom Assassin,0.52,2.06,0.66,3.97,1.53,-2.17,-1.15,-1.86,1.2,-1.71,-0.59,-0.8,-1.02,1.03,-0.33,0.49,0.74,2.77,-0.47,0.1,1.37,-0.68,0.02,0.6,1.2,-0.26,-1.02,0.14,-1.86,0.09,0.57,-1.0,2.2,0.96,-1.74,0.34,-0.99,0.24,1.31,1.38,0.33,0.18,0.34,1.19,-0.61,0.83,-0.21,-0.65,1.17,0.66,0.57,3.24,-0.54,2.03,0.04,-0.03,-1.22,-2.09,-0.12,0.61,-2.86,-0.25,2.48,-0.49,-0.03,-0.97,-0.35,-2.02,-0.36,0.47,-0.64,0.0,1.47,-1.68,-0.21,-1.02,-1.23,-1.22,0.2,2.71,-0.34,0.12,0.05,-0.85,0.98,0.13,0.27,0.38,-0.59,0.56,1.98,-0.93,-0.63,0.7,1.09,-0.18,-1.54,-1.7,-1.52,-1.5,-1.32,-1.53,-1.18,-1.3,-1.52,-0.31,0.88,0.89,-0.95,-0.14,-0.07,0.2,-0.93,0.6,0.28,-0.51,1.14,0.38,0.64,1.3
Phantom Lancer,1.59,-1.77,1.9,0.05,4.52,-4.13,2.42,1.25,3.55,-0.54,4.07,2.33,-0.12,2.81,-4.38,5.0,2.49,5.53,2.93,-3.95,-7.12,2.24,1.81,0.42,-1.03,-1.47,1.21,4.21,-2.13,-3.43,-3.17,-6.28,3.22,-2.33,-0.14,-2.78,-0.3,1.07,2.87,1.12,-0.84,-2.6,0.3,-2.01,-3.0,-1.26,-7.46,0.01,-0.03,-1.16,-0.26,2.02,2.69,4.23,-2.49,2.35,-0.94,-2.03,1.48,-0.89,3.12,-1.92,1.34,-3.07,2.49,0.58,4.65,0.45,1.14,1.13,-3.32,-1.04,0.0,-3.82,-4.89,1.09,1.83,0.05,2.49,0.07,-2.35,-6.4,1.68,-0.56,3.09,3.67,1.65,3.16,0.67,-2.61,-0.13,0.16,0.88,-2.77,-3.28,-3.16,4.64,4.03,-3.59,-5.81,1.97,-1.56,-1.29,-0.97,1.51,-6.39,1.36,2.79,3.29,3.96,3.21,4.87,-2.44,0.22,1.89,0.36,0.57,0.41,4.9,-2.69
Phoenix,-1.37,-1.91,1.02,-1.21,-1.41,0.99,-1.05,2.4,1.34,-2.88,0.94,1.47,-0.3,-0.95,0.56,3.66,-1.59,-2.52,1.95,0.69,0.41,-0.7,1.15,-1.21,0.29,0.08,1.44,-1.0,0.55,-0.25,0.6,-0.7,-0.85,-0.23,-1.1,0.6,-0.09,-0.73,-2.59,-0.68,-3.4,-0.12,-1.38,-1.18,1.58,-1.04,0.34,0.57,-1.68,-1.83,-0.4,1.82,-0.97,3.47,0.44,0.02,-0.79,2.4,-0.49,1.24,-2.4,3.12,-0.93,0.79,2.93,-0.32,1.11,-0.05,-0.55,-0.32,-0.08,1.2,3.75,0.0,-1.35,0.74,0.32,-0.92,-0.37,-1.48,-0.06,2.08,1.0,-0.44,-0.58,-1.27,-1.48,0.75,-1.11,-0.47,-0.82,2.92,0.26,-0.91,0.83,-1.32,1.89,1.39,-0.77,-0.82,-0.61,-0.18,3.26,0.39,0.74,-0.2,1.0,-0.97,0.28,0.23,-0.54,1.28,-1.22,1.71,-1.38,-0.56,-0.36,0.19,2.49,1.47
Puck,-0.21,-4.59,0.67,1.29,-0.86,-0.13,0.57,0.82,1.44,-0.81,-0.19,0.53,-0.72,-2.74,-1.02,1.08,-2.25,-1.38,0.14,0.38,0.65,0.91,-0.66,-1.97,-0.96,0.73,-2.26,0.15,0.05,0.52,-0.09,0.94,0.14,-0.04,-0.98,-0.72,-1.63,-0.44,-1.91,0.47,-0.17,-0.94,-0.09,0.88,-0.55,-1.08,-0.06,0.71,-1.38,-0.91,-1.12,-4.2,-0.27,-2.02,0.55,0.34,-2.53,-1.98,0.52,-2.62,2.99,2.64,-2.7,0.24,-2.16,-2.05,0.91,0.22,-0.19,1.45,2.46,-0.32,4.78,1.15,0.0,-0.28,0.48,2.95,-1.22,-1.85,-1.44,1.0,1.94,-0.71,-1.0,-0.98,1.19,-0.04,2.4,0.01,-3.15,-1.18,0.11,1.09,-1.68,-1.33,-6.27,1.55,-0.91,1.89,0.29,0.05,0.19,-1.03,0.51,-2.54,-1.3,-1.42,-0.08,-0.66,-1.14,-0.65,-0.53,-0.97,0.62,0.77,0.26,0.46,-1.95,-1.46
Pudge,-1.65,-0.18,0.13,-1.27,1.14,0.72,0.31,-0.11,-2.89,1.28,0.89,-0.19,-1.42,-0.72,-0.01,-2.35,-0.09,0.91,-1.21,1.43,-0.64,-0.08,-1.89,-2.85,-0.35,-0.52,1.0,2.2,-1.2,-0.52,-1.17,-0.15,1.03,-0.24,0.42,-1.61,0.57,-1.12,2.12,-0.17,-1.63,-0.92,1.03,0.13,-1.03,0.5,-0.44,-0.29,-0.73,-0.4,0.26,-3.17,1.16,-3.54,-1.36,-0.31,0.05,-1.88,0.24,-0.44,0.38,-1.2,0.93,1.77,-0.33,0.58,1.38,-2.02,-0.45,-0.3,-0.45,1.2,-0.77,-0.97,-0.2,0.0,3.42,-0.55,0.26,0.07,0.09,0.58,0.11,1.3,0.14,-0.75,0.24,-1.87,-0.65,-0.76,2.38,0.32,0.0,-0.86,-0.41,2.76,1.12,-0.92,-0.47,-0.67,3.27,-0.46,-0.17,-0.38,-1.63,1.57,-2.7,-2.98,-0.82,1.91,1.94,-2.57,-1.6,-1.19,-1.2,0.46,0.16,-0.97,-1.07,1.44
Pugna,-1.22,0.84,-0.81,-3.72,0.77,1.69,0.05,1.02,-1.03,0.67,0.63,0.63,-0.98,1.04,-1.23,-1.04,-1.21,0.35,-1.61,0.7,-1.78,0.99,1.39,-0.43,0.55,-1.71,1.36,-1.74,-0.28,-0.33,-0.38,-0.4,0.93,0.92,-0.86,-0.04,0.25,-0.28,-1.32,0.72,-1.0,0.64,0.73,-0.55,-0.49,1.23,-0.55,1.4,-0.95,0.28,0.91,0.66,-1.51,-0.58,-0.07,0.8,-1.59,0.67,0.51,1.43,-0.01,-0.5,-0.57,2.18,-0.91,-1.01,0.1,2.62,0.64,0.9,0.59,1.08,-1.79,-0.31,-0.54,-2.11,0.0,0.59,0.39,-0.93,0.62,-0.13,-0.01,-1.13,0.44,-0.62,1.12,0.36,1.64,0.24,-1.54,1.18,-0.81,0.3,0.08,-0.23,1.36,0.86,0.92,4.07,2.3,0.65,0.74,3.22,1.17,1.46,1.65,0.64,-0.05,0.39,0.2,-2.75,1.14,-0.35,-1.8,1.15,1.4,-0.1,0.86,0.67
Queen of Pain,-1.94,-0.2,0.09,-0.78,0.1,-0.37,-0.03,3.58,0.73,0.02,0.86,2.97,0.76,0.56,0.23,0.51,2.12,-0.24,0.94,-0.05,0.47,1.67,0.13,1.34,-0.02,0.89,0.03,-0.26,-0.2,0.37,1.05,-1.26,0.76,-0.25,-0.99,-0.06,-0.09,0.25,-2.11,-0.06,0.59,-0.51,1.19,0.43,-0.58,-1.76,1.55,0.62,0.5,-0.9,0.21,-1.36,-0.32,1.81,0.52,0.98,-1.97,-1.54,0.39,2.58,0.76,0.8,-0.22,-0.18,-0.59,-1.34,1.26,0.46,-0.48,2.16,1.4,1.21,-0.04,0.86,-3.28,1.02,-0.64,0.0,1.93,-1.1,-0.08,0.28,0.57,-0.14,-0.12,-0.36,-0.51,0.28,-0.63,-0.26,0.05,0.49,-0.11,1.22,0.03,-1.29,-1.07,-0.12,-0.79,1.57,1.39,0.85,-0.49,-0.83,0.48,0.1,0.6,0.05,0.91,0.37,-1.53,0.16,0.22,-0.14,-0.21,2.08,1.47,-1.02,0.78,0.47
Razor,1.14,2.81,-0.27,-2.07,-1.47,0.72,-0.7,4.86,1.65,-2.19,0.64,-3.64,-3.51,1.73,0.3,-0.97,1.69,-0.89,-1.37,-1.28,-0.34,0.0,0.88,-1.69,1.85,0.92,0.89,-1.31,0.69,0.26,0.4,-1.14,-0.2,-0.98,-2.14,2.73,-0.07,-0.5,-0.57,0.08,1.36,0.57,2.4,0.6,-0.89,0.39,0.68,-0.5,1.08,0.02,0.35,0.29,-1.33,-0.63,0.42,-0.21,-0.13,-2.33,0.18,1.52,-2.94,-5.19,-3.38,-4.05,1.7,-0.33,-1.23,1.25,2.57,-0.85,1.13,-0.69,-2.51,0.55,1.12,-0.56,-0.41,-2.0,0.0,0.94,1.25,0.57,-0.61,0.15,-0.19,0.77,-1.6,2.23,-0.18,1.02,-2.22,-0.82,0.08,-0.14,-0.37,-3.75,2.73,-1.37,2.61,0.8,-0.55,0.64,0.41,2.69,0.35,1.25,-0.28,2.83,1.51,-0.92,-1.51,1.16,0.77,-0.94,-3.69,-0.87,1.19,-1.02,0.51,0.32
Riki,0.38,-0.29,1.59,1.64,0.86,0.08,-0.41,1.18,-1.34,-1.4,-3.03,2.89,-2.31,-1.53,0.58,-1.59,0.55,1.95,1.69,-0.58,1.11,0.12,0.34,0.33,0.0,0.58,-1.27,-1.14,-0.18,-0.69,-0.64,-0.27,-1.02,1.19,-0.69,-0.44,-0.6,-1.21,0.22,1.46,-1.88,-0.04,2.5,-0.1,-0.88,-1.02,-1.3,0.64,0.51,-0.34,-0.83,0.38,-2.07,-2.21,1.68,1.81,1.83,-2.54,0.34,-0.89,-0.34,-2.91,-1.78,-1.58,-1.2,1.07,-0.94,-0.79,1.44,-0.46,1.55,-2.96,-0.07,1.54,1.92,-0.84,1.05,0.93,-0.69,0.0,-0.07,-0.28,2.04,-0.92,-0.87,-1.32,0.79,-2.3,0.58,-0.69,-1.7,-1.58,0.46,1.58,-2.28,-2.74,-1.91,-1.28,-0.15,0.92,0.57,-1.46,0.29,-1.67,0.49,-2.83,0.14,1.9,-0.54,-1.85,-0.18,4.25,1.83,0.4,2.12,-0.67,-0.05,1.13,-1.02,-1.56
Rubick,0.65,-1.24,-0.17,-0.2,-0.85,-0.64,0.74,-0.92,1.26,0.52,0.17,-0.13,-0.5,-1.44,0.26,0.37,2.58,-0.61,-0.53,1.61,1.19,-0.17,-0.36,-1.06,0.29,-0.45,-0.14,-0.44,-1.69,0.93,-1.24,-0.48,-0.48,3.84,0.18,-0.05,-1.06,0.26,-1.47,0.3,0.07,1.8,0.83,-0.95,0.12,-0.8,0.78,0.22,0.76,-0.04,1.4,-0.27,1.68,-1.69,0.25,-0.23,1.52,1.53,1.42,-0.34,2.45,1.1,-0.42,-0.37,-1.25,0.94,1.82,0.93,-0.15,1.42,0.34,0.78,2.3,-0.52,0.82,1.06,-1.04,-0.08,-2.31,-0.56,0.0,1.09,-0.34,0.29,0.41,0.89,-0.92,0.54,-0.36,0.56,0.15,-0.24,0.08,-0.65,1.16,0.13,-1.84,0.86,0.18,0.02,-1.19,-1.24,0.53,-0.45,-0.65,4.25,1.1,-0.35,-0.17,-0.44,-0.02,-1.72,0.0,0.26,1.28,1.08,-0.09,0.25,1.62,0.49
Sand King,0.9,-1.27,-1.0,-3.43,0.92,0.7,1.13,0.02,2.16,-0.33,-0.43,0.4,-1.8,2.81,-1.2,3.59,1.31,-1.96,0.85,-0.89,1.01,0.67,0.18,-0.52,-1.73,0.04,1.05,0.35,0.32,0.12,-0.59,-0.27,1.1,-0.73,-1.37,-0.47,1.49,-0.18,-0.2,-0.56,1.1,-1.02,-1.19,-1.08,-0.69,-0.03,-0.93,-0.1,-2.28,-1.33,-0.32,0.3,2.03,-0.07,-1.37,-0.18,0.62,5.96,0.06,-0.05,0.8,8.15,0.08,0.51,-0.94,0.58,1.17,2.63,-0.56,0.61,-1.16,-0.73,6.45,-2.07,-0.95,-1.08,0.22,-0.4,-0.54,0.28,-1.65,0.0,1.08,-1.0,-0.27,-0.44,-0.07,-0.49,1.87,-1.27,-1.88,0.72,1.09,-0.89,-1.07,-0.57,-0.66,3.61,-0.09,-2.63,-0.58,-0.19,0.25,-0.63,0.57,-2.67,0.07,-0.35,0.71,-1.04,0.04,2.81,-0.08,0.06,-1.27,-0.82,1.5,0.08,0.98,-2.47
Shadow Demon,1.39,0.49,2.63,0.11,0.32,1.1,0.71,-0.8,-0.54,0.25,-0.78,0.35,-0.33,2.51,-1.52,-1.87,0.24,0.37,-0.16,0.39,1.2,0.44,0.87,0.13,1.65,-0.18,1.2,0.82,0.19,0.48,1.07,-3.03,-0.89,0.82,-0.87,1.76,1.6,0.67,-1.06,1.22,-1.15,-0.03,0.86,-0.87,-0.43,1.98,-0.03,1.67,0.78,-0.46,0.37,-3.83,2.2,-3.74,0.79,1.23,1.3,-0.11,0.93,-0.53,-1.26,-0.79,1.8,1.54,0.17,-0.8,2.02,1.89,2.54,1.61,-2.13,0.72,-1.51,-0.83,-1.72,1.22,0.08,-0.37,0.94,-1.65,0.23,-0.71,0.0,0.89,1.0,-0.35,2.18,0.83,1.29,0.47,0.01,1.61,-1.07,-0.76,0.16,0.74,0.62,3.65,0.73,-1.92,0.08,-2.68,0.4,0.32,-0.24,-1.81,-0.12,0.59,-1.06,1.74,0.96,-1.91,-1.73,0.11,-3.41,2.85,0.01,0.74,1.33,1.13
Shadow Fiend,0.99,2.66,0.42,1.24,-1.1,0.32,-1.13,-3.57,-0.35,-0.15,-0.02,1.33,-0.53,2.22,0.7,0.71,-0.08,0.92,-1.51,0.57,0.3,1.18,1.83,0.33,-0.17,0.11,-0.48,0.02,-0.37,-0.52,0.75,2.26,0.0,-1.51,-0.01,0.55,-1.14,-1.19,0.63,-0.81,-0.25,0.43,0.0,0.04,0.77,0.45,-0.34,0.09,-1.21,-0.64,-0.5,-0.59,-0.67,-0.38,-0.7,0.43,-1.06,7.19,0.19,-1.18,2.35,2.73,0.37,1.24,0.09,-0.26,0.48,2.46,1.6,-2.0,0.1,0.76,0.68,0.35,0.47,-0.87,1.37,0.26,-0.64,0.56,-0.21,0.71,-0.51,0.0,-0.9,0.6,-0.23,-0.27,1.18,0.71,0.08,1.08,-1.27,0.76,0.05,-0.93,-3.47,0.48,2.1,1.14,-0.33,-1.04,0.26,0.93,-1.34,1.65,0.91,-1.7,-1.09,-0.43,-0.41,-2.46,0.78,0.71,0.26,-0.48,-0.49,-0.24,-0.54,-0.96
Shadow Shaman,-1.31,-1.15,0.28,0.91,-0.76,0.45,0.17,-0.22,0.89,-0.46,0.73,-0.43,-0.09,-0.92,1.03,-1.53,0.02,-0.04,0.45,0.67,-1.47,-0.16,-0.71,0.76,0.54,-0.1,-0.09,-1.46,-0.31,-0.3,-0.14,0.42,-0.76,-0.14,0.52,-0.12,-1.13,-1.59,1.87,-0.73,-0.16,0.28,1.34,-0.22,-0.15,-0.17,0.39,-0.18,0.62,-0.63,-0.49,-1.01,-0.97,-0.51,0.68,0.03,0.4,-3.9,-0.32,-0.45,-0.02,-2.63,-0.95,0.21,0.11,0.42,0.47,-0.85,0.1,-0.18,0.63,-1.23,-3.04,0.76,1.04,-0.52,-0.17,0.27,0.26,0.86,-0.57,0.25,-0.43,0.75,0.0,-1.67,0.11,0.59,-0.58,-0.51,-1.65,-2.21,-0.01,1.01,-0.03,-0.63,2.34,-2.41,-0.92,-1.53,0.18,-0.99,-0.18,1.86,-0.31,0.68,0.25,0.96,-0.64,0.6,0.23,-0.5,0.29,-0.65,0.6,0.57,-0.39,-0.57,0.09,-0.04
Silencer,-2.91,-1.13,0.55,0.67,-3.16,1.1,1.87,3.1,-1.18,-0.95,-1.1,-1.26,3.39,-2.81,0.66,-1.79,-4.46,-1.36,-0.28,0.45,1.31,0.2,0.66,1.35,-0.88,-1.29,0.46,-0.34,0.41,0.8,-1.54,1.22,-1.72,1.44,0.36,2.19,0.21,-0.61,-0.44,-0.68,0.17,0.2,-0.02,-0.68,1.45,-2.12,0.42,0.82,0.23,-0.65,0.43,-2.29,-1.44,-3.31,-0.13,0.1,-1.23,-0.33,-0.48,-0.29,0.15,-5.03,-1.74,2.76,-1.66,0.91,0.58,1.6,-0.82,1.89,-0.22,-0.37,-3.7,1.4,1.04,0.4,0.84,0.41,-0.95,1.29,-1.11,0.39,0.86,-0.69,1.65,0.0,-0.41,0.18,-1.48,-0.55,-2.0,-1.14,0.23,1.19,0.71,-0.99,-0.91,-1.51,-1.3,4.36,0.41,0.66,-0.63,-0.29,-0.57,1.25,0.51,0.59,0.45,-0.94,-0.17,-0.42,1.25,-0.56,1.8,-0.35,-0.39,0.1,-1.12,0.07
Skywrath Mage,-1.51,0.17,1.03,-2.06,0.48,0.17,-0.49,-1.34,0.04,0.62,-0.3,-0.92,-1.58,-2.77,-1.51,-1.71,-0.23,-0.43,-0.08,-0.3,1.22,-0.19,-1.3,-0.29,0.63,0.36,0.39,0.36,-0.87,0.06,2.14,0.37,1.14,1.65,0.53,-0.22,-0.05,-0.04,0.75,0.22,-0.95,0.27,2.17,0.57,-1.7,-0.37,0.24,-0.03,0.92,-0.05,-0.01,-0.56,0.6,-1.51,-0.61,0.6,-1.47,0.03,-0.12,1.88,1.53,-2.86,-0.89,2.86,-1.17,0.03,0.5,0.08,-1.88,0.1,1.68,-0.38,-1.66,1.53,-1.28,-0.18,-1.09,0.49,1.72,-0.87,0.57,0.03,-2.05,0.13,-0.02,0.42,0.0,-0.03,0.19,-0.45,0.33,-2.48,-1.18,0.29,-0.05,-0.48,-0.91,0.55,-0.97,2.11,0.18,-1.07,0.26,1.73,-0.58,1.5,-0.62,1.36,-0.67,1.31,0.04,-2.13,0.28,-0.33,0.84,0.0,0.03,-0.12,-1.93,1.08
Slardar,0.25,1.81,0.6,4.55,0.85,0.34,1.06,-1.56,-3.51,-0.22,0.77,-0.6,1.8,-0.17,1.47,-1.41,-0.3,1.7,-0.56,-0.09,-1.24,-2.12,0.56,0.5,0.57,0.27,-0.33,-2.25,0.89,-0.35,1.97,-0.61,0.38,-2.21,0.67,0.64,-2.07,-1.46,-1.28,0.63,0.86,-0.54,-1.07,-0.39,1.39,0.93,-0.6,-0.74,1.66,-0.73,-0.64,2.12,-2.57,0.84,0.42,-0.53,-1.07,-1.78,0.17,0.2,0.45,-4.33,0.88,-0.07,0.05,2.08,-0.01,-0.82,0.24,-0.64,-0.31,-0.42,-3.19,-0.79,-0.1,1.5,-0.26,-0.24,-2.49,2.26,-0.72,0.39,-0.51,0.19,-0.54,-0.18,0.03,0.0,-0.72,1.07,0.22,2.82,-0.17,0.27,1.08,0.27,-1.0,-5.41,-2.1,1.42,-0.88,-0.41,0.2,-3.68,-0.21,0.13,0.97,1.97,-1.01,-1.97,0.25,-0.42,-0.48,0.4,0.06,-1.74,0.6,-0.43,1.82,0.76
Slark,3.12,1.37,-2.24,1.79,3.09,-0.14,0.49,3.33,-1.75,-1.41,1.13,1.34,4.02,0.98,-1.19,-0.26,1.6,1.12,-1.7,-0.97,-0.97,-0.57,0.1,0.87,-3.15,-1.0,1.51,-0.59,1.38,-1.11,-0.92,2.77,-0.62,-1.75,-0.03,-2.5,-1.3,-0.82,-0.23,-0.99,0.35,1.16,2.23,-0.23,-0.18,-0.36,-3.69,0.38,0.55,-1.55,-0.98,-0.86,0.03,-1.84,-0.33,-2.14,2.4,-0.16,-0.45,2.49,0.98,-2.54,1.16,-3.12,0.19,-0.3,1.76,-0.23,-0.48,-2.93,-0.67,0.64,-0.7,1.06,-2.98,0.98,-1.77,0.75,-0.34,-1.06,0.37,-2.29,-1.09,-1.16,0.43,1.38,-0.28,0.66,0.0,-1.45,1.39,0.41,0.35,0.06,-0.06,-2.01,2.66,0.6,2.48,-0.06,0.54,-1.78,2.01,2.05,0.08,-0.16,0.56,0.57,-0.44,1.55,-1.0,1.8,-0.27,2.19,0.03,-1.17,1.04,-0.18,1.98,-0.26
Snapfire,-0.28,-0.54,0.79,0.81,0.46,0.81,-1.79,-2.46,-0.57,-0.37,0.37,-1.99,-1.16,-0.82,-0.36,0.65,-1.2,-0.41,1.79,0.61,1.38,0.39,-0.4,-0.52,-0.01,-0.28,0.37,0.76,0.09,0.06,0.25,0.22,-0.37,0.24,-1.71,-0.2,0.55,0.54,0.13,0.3,-0.17,0.12,0.78,-0.59,-0.32,1.15,0.05,0.32,-0.91,-0.37,1.24,-0.66,1.09,-1.83,-1.1,1.03,-0.11,4.73,0.45,1.11,0.7,2.86,-0.19,1.49,-0.99,0.19,1.31,-0.42,0.35,-0.45,-0.52,0.1,2.62,0.23,-0.17,1.62,-0.34,0.27,-1.31,0.57,-0.58,1.16,-0.49,-0.39,0.73,0.64,0.44,-0.95,1.6,0.0,0.56,0.74,0.71,-0.52,-0.45,-0.5,-0.38,0.82,1.16,-0.29,-0.27,-0.16,1.28,-0.33,0.74,1.39,1.05,-0.65,-0.36,1.09,0.59,-1.03,-0.57,1.21,-0.52,-0.15,-0.69,0.53,1.32,1.06
Sniper,0.35,1.96,0.84,-1.51,-0.03,-0.79,0.18,0.58,3.75,0.33,0.54,-1.69,-0.49,2.9,-2.38,-0.07,-1.88,-0.44,-1.25,0.4,-0.12,1.18,-0.31,3.79,1.13,0.64,1.28,1.77,-0.46,1.58,0.51,-0.18,-1.07,1.72,-1.41,0.9,0.34,0.57,0.44,0.62,-0.7,0.93,1.41,-0.23,0.96,-0.66,1.84,1.0,-0.91,1.02,0.43,1.15,0.59,0.1,-0.41,-2.1,3.59,-0.22,-0.55,2.7,-4.63,1.16,-1.21,2.79,0.96,-0.63,0.53,0.47,0.26,-0.61,0.3,-1.64,0.12,0.73,3.05,-1.6,1.73,-0.02,2.06,1.3,-0.13,1.65,0.33,-0.07,1.58,1.95,-0.52,-0.33,-1.36,-0.44,0.0,-4.08,-0.01,-2.78,-0.11,0.31,4.28,3.09,1.07,0.24,-0.23,0.31,-0.07,-0.2,-0.2,3.95,1.36,0.22,0.24,2.64,0.83,2.31,0.32,-0.13,-1.11,-0.39,0.81,0.62,1.44,-1.04
Spectre,-1.56,-3.21,1.21,-4.98,0.81,2.15,-0.13,-1.05,0.51,1.08,-0.89,-1.51,-0.96,-3.95,-0.93,-0.04,-2.22,0.07,-0.06,-0.33,-1.39,0.67,-1.73,0.36,0.52,-0.81,0.54,2.92,-1.74,0.83,-3.14,-3.28,-1.57,3.34,0.35,1.68,1.86,-0.94,0.91,-2.24,-2.64,-1.87,-1.88,-1.22,-0.99,0.77,-0.26,1.1,-2.82,0.91,0.73,-4.92,3.55,-1.61,0.28,0.54,-0.03,-0.08,0.11,-0.61,-1.42,-0.9,3.54,-4.75,0.35,-1.04,-0.03,-2.07,0.65,0.97,-1.3,0.21,0.16,-2.92,1.3,-0.75,-1.0,-0.32,1.0,1.57,0.07,-0.86,-1.1,-1.2,2.23,1.19,2.58,-2.88,-0.55,-0.62,3.67,0.0,0.29,-0.81,0.05,2.4,1.85,0.04,-0.22,-1.24,2.11,0.3,-2.66,0.4,-0.73,-3.64,-5.83,0.3,0.53,-0.92,-5.23,-0.21,-0.2,-3.14,0.13,2.2,1.35,-1.29,-0.81,1.36
Spirit Breaker,-0.26,0.52,0.0,1.12,1.09,0.64,2.17,-0.01,-1.43,0.58,0.37,0.1,-0.44,3.86,-0.53,-0.18,-0.73,2.41,-1.06,-1.04,-0.66,-2.01,-0.52,-1.0,-0.18,0.27,-0.36,-0.76,-0.08,-0.2,-1.02,-1.06,-0.9,-0.92,-0.62,-1.44,-0.87,-0.07,-0.9,-0.55,-0.73,-1.57,1.01,-1.05,-0.71,1.64,-1.66,-1.22,0.92,-0.14,0.1,-1.33,0.39,0.02,-0.05,-1.07,-2.46,-2.09,0.18,-0.3,-1.46,-2.1,1.11,-2.21,1.58,0.37,0.54,-0.96,-0.11,-0.85,0.26,0.11,-0.81,-0.2,-0.09,-0.4,0.99,0.07,-0.09,-0.54,-0.43,-1.13,1.53,1.0,0.03,-0.2,1.22,0.15,-0.46,-0.67,-0.25,-0.27,0.0,-0.22,-1.02,0.33,1.48,-0.74,-0.43,-0.91,-0.32,-0.76,-0.71,-0.73,-0.58,-4.68,-1.0,-0.43,-0.22,-1.71,-1.02,1.13,0.32,-0.87,0.71,0.68,0.83,-1.11,-0.13,-0.33
Storm Spirit,-1.31,-0.55,2.1,-3.66,2.18,-0.39,-0.01,2.79,-0.36,2.02,1.24,1.91,1.5,3.66,-1.1,0.33,-1.78,-2.93,0.98,-0.26,-0.25,0.25,-0.22,-1.53,-1.42,-0.67,-1.79,0.45,-1.54,-0.74,1.63,0.81,-1.23,0.55,0.64,-2.05,0.01,0.24,-1.38,0.37,-1.73,-0.05,1.87,-0.44,-1.06,-0.89,-1.03,0.03,0.65,-0.59,-0.99,-2.98,-0.27,0.1,-1.43,1.38,-2.05,-4.67,0.14,0.33,2.71,0.1,-0.37,-0.53,-2.2,-0.59,1.44,-0.51,-2.37,1.69,1.92,-0.52,2.88,0.87,-1.24,1.09,-0.31,-1.22,0.03,-1.78,0.44,0.78,1.05,-0.65,-0.89,-1.16,-0.32,-0.25,-0.06,0.56,2.61,0.91,0.19,0.0,-1.05,-0.41,-2.85,0.8,-1.13,0.6,2.47,-0.91,0.5,-2.79,0.36,-1.05,-0.23,0.36,-0.38,1.15,-1.1,-1.75,0.07,-0.36,0.32,0.82,-0.42,-0.87,-0.05,4.73
Sven,0.4,0.93,-0.09,1.06,-0.33,0.89,-0.1,-1.26,1.78,0.13,1.68,0.65,-1.03,6.04,2.02,2.24,2.47,-0.28,-1.31,0.2,1.24,-0.59,0.34,-0.46,0.66,0.09,-1.06,0.55,0.93,1.28,0.61,1.42,-0.44,-1.08,0.12,0.7,-1.0,-0.5,-1.2,0.4,1.24,0.33,2.04,-1.19,1.04,1.14,1.21,-0.19,-1.45,-0.41,0.75,2.52,-0.38,5.94,-0.72,0.38,-1.93,5.82,0.44,0.84,0.06,4.92,-0.48,1.52,1.16,1.33,0.58,-0.37,0.89,0.0,1.74,-0.43,3.3,-1.02,1.59,1.27,-0.09,-0.03,-0.13,2.11,-1.2,0.93,-0.2,0.12,0.18,-0.63,0.02,-1.04,0.13,0.55,0.23,0.08,0.85,1.06,0.0,-0.59,-3.68,-2.73,0.69,1.09,-0.87,0.45,-0.78,-1.47,0.76,0.3,-0.96,-0.38,-1.69,-0.89,0.7,1.48,1.77,0.85,-0.04,0.13,-1.04,-0.36,1.01,0.98
Techies,0.73,0.16,0.97,-2.6,-2.54,-0.2,-1.05,-1.96,-2.08,1.94,2.52,0.41,-1.32,-1.05,-1.2,-0.46,0.71,1.66,-0.8,-0.03,1.57,1.66,-0.57,1.3,-0.18,-1.19,-1.99,-0.06,-1.0,-0.09,1.13,3.07,0.36,-1.9,0.68,-0.11,2.11,-0.24,-0.37,0.29,-0.73,-0.67,0.53,-1.81,0.14,0.18,0.91,0.37,-2.88,-0.41,-0.7,-2.54,1.84,0.16,-1.18,-0.18,-1.59,3.25,1.2,1.6,2.49,-0.62,-1.0,0.02,0.93,0.7,0.99,0.51,-1.53,0.07,1.1,0.08,3.19,1.36,1.36,-1.91,0.29,1.25,3.88,2.74,-0.42,0.53,-0.56,0.79,0.7,1.0,0.48,-0.25,1.92,0.48,-0.41,-2.16,-0.31,0.38,0.49,0.0,-2.2,1.95,0.92,1.02,-1.26,0.01,0.83,1.29,-0.76,0.44,0.53,-0.01,-2.44,1.44,-0.02,-3.12,1.82,-0.7,4.21,0.44,-0.54,0.92,-2.96,0.26
Templar Assassin,-0.75,-2.14,1.11,4.17,-3.4,-0.92,0.43,-2.28,1.45,-1.74,0.29,-1.41,-1.0,1.76,1.81,-1.13,1.55,-1.66,0.46,-0.73,-5.01,-1.92,-0.71,-2.41,0.67,-0.01,-2.09,-1.85,1.58,0.66,1.98,-1.82,1.2,-0.19,-0.61,0.76,-1.03,0.9,-4.54,2.23,0.5,-0.65,1.77,0.34,0.96,0.88,-2.14,-0.66,1.99,1.31,0.96,2.09,-1.37,-0.07,0.51,1.45,-3.39,-3.76,1.62,-1.04,-0.03,-5.17,0.03,-1.3,1.83,3.36,0.45,-0.88,3.84,2.45,-0.54,1.82,-4.44,-1.81,6.32,0.15,-1.33,1.07,-3.05,2.03,1.46,0.81,-0.62,3.26,-1.69,1.13,1.03,1.16,-2.3,0.32,-3.62,-1.2,-1.17,2.77,3.36,2.25,0.0,-5.65,0.81,1.22,-1.71,0.1,-1.81,-3.26,2.31,-0.18,0.0,2.12,-0.6,-2.8,-3.89,-1.59,1.73,0.82,-2.33,-0.57,-1.8,-0.06,0.37,3.86
Terrorblade,-0.47,2.85,-1.06,1.17,-2.25,-2.04,0.58,-1.13,-0.52,0.33,-0.16,-2.46,0.5,4.59,0.11,0.19,3.64,2.47,0.45,-0.14,-4.57,-0.79,0.99,1.41,0.21,0.06,2.79,-1.98,1.39,-0.84,-3.03,-1.53,-0.88,-1.43,0.36,-0.88,0.23,0.59,0.52,-0.45,1.56,-1.19,1.43,-1.97,-0.06,0.5,-1.01,-1.18,1.71,-0.81,0.72,2.05,2.22,1.34,1.15,-0.32,-0.04,3.23,1.43,0.9,1.48,-2.14,0.61,1.13,2.92,0.06,2.13,0.6,-0.34,-0.41,-0.62,1.97,-3.8,-1.55,-1.31,1.82,-0.73,0.37,1.25,1.31,-0.92,-3.22,-3.95,0.04,2.83,1.66,-0.47,5.23,-0.35,-0.79,-2.54,0.5,0.95,-0.49,2.54,-1.53,5.64,0.0,-0.1,-2.88,-3.32,0.57,-0.25,1.21,1.72,-2.81,2.46,0.78,2.3,1.04,3.89,1.72,-0.87,-2.16,0.02,0.58,-0.85,-0.11,2.8,-2.7
Tidehunter,-1.37,-1.66,-0.66,-0.43,-1.79,0.38,1.5,1.87,2.34,-1.61,1.41,1.35,-1.69,2.09,1.41,3.41,-0.45,-1.4,-1.5,-0.18,-1.68,0.05,1.18,-3.71,0.69,-0.83,1.44,-0.12,0.33,0.28,-0.35,-0.86,-0.16,-0.88,-0.1,-0.58,0.78,-2.01,-2.93,-0.65,-1.22,1.38,-3.3,-1.23,-1.2,-1.43,-0.31,-1.12,-1.08,-0.9,0.15,1.32,0.32,3.13,-0.53,-0.21,1.48,1.23,0.48,-1.31,-0.04,3.29,-1.85,-1.9,-0.57,0.52,0.77,-1.51,0.63,-2.15,-1.32,0.55,3.61,0.81,0.96,-0.29,-0.87,0.63,-2.69,0.16,-0.83,0.09,-0.45,-2.27,0.8,1.17,0.9,1.86,-2.66,-1.29,-1.37,0.21,0.39,0.95,-0.91,-0.96,-0.66,0.23,0.0,-1.98,-0.39,-0.83,1.16,1.06,-0.6,-1.7,-1.36,-1.6,1.2,-0.34,-1.56,1.54,0.68,1.81,-0.34,0.23,0.6,-1.02,3.16,0.0
Timbersaw,1.85,1.11,-1.73,-1.05,0.1,1.78,-2.58,-3.44,2.98,-2.5,-0.39,1.89,0.76,3.29,1.93,2.63,4.1,0.81,2.87,-0.15,2.63,-1.08,-0.94,-2.35,-0.45,-0.94,0.35,-0.95,0.46,0.04,0.84,0.32,-0.3,-0.41,-2.23,-2.57,-1.68,0.03,1.92,-0.46,0.92,1.03,0.45,-0.49,0.22,0.52,-1.45,0.7,-0.83,-1.46,-0.86,0.63,-2.36,2.8,-0.34,1.43,-0.22,5.09,-0.13,0.92,0.42,6.13,-0.48,-1.57,-1.73,-2.91,0.0,2.3,2.22,-2.55,-1.14,1.36,5.66,0.72,-1.78,0.97,-4.07,-1.57,-0.81,-0.92,-0.45,2.49,2.08,-0.96,1.51,-4.04,-2.02,-1.23,0.04,0.34,-0.22,1.46,1.0,-0.42,-1.17,-0.75,-1.28,2.92,2.26,0.0,-1.15,0.31,2.14,0.63,1.3,3.27,2.4,-2.75,-0.07,-0.1,-0.67,1.43,0.33,-0.54,-2.49,-0.57,3.78,-0.26,3.73,0.74
Tinker,0.33,-1.88,1.77,-4.02,-0.17,1.09,1.09,-0.61,1.97,3.3,1.15,0.56,-0.52,0.14,-2.01,-0.49,-1.48,2.33,-1.53,0.06,0.96,2.7,0.81,-0.42,1.33,-1.38,-0.27,2.43,0.0,0.54,0.31,1.5,0.43,0.32,1.39,0.5,0.82,2.43,-0.78,0.27,-1.14,0.02,0.68,0.07,-0.64,1.32,-1.89,1.04,-1.84,0.13,0.48,-3.13,0.86,-1.39,0.04,2.26,-0.18,-0.58,0.14,3.73,2.61,-1.18,0.01,0.91,-1.03,-2.11,2.06,0.87,0.04,1.25,-0.26,1.81,-2.0,0.55,-0.38,-1.06,-2.4,-1.29,0.47,-0.57,1.08,0.58,-0.1,0.74,0.25,-0.21,-0.09,1.04,-0.18,0.27,0.45,-1.6,0.48,-2.22,0.81,1.3,1.72,3.15,0.36,1.24,0.0,-0.03,-0.4,4.63,-1.24,1.93,0.14,1.32,0.58,1.0,-0.04,-5.12,0.15,-0.87,-0.71,2.05,2.1,0.74,-0.28,-1.69
Tiny,-0.31,0.15,0.41,1.46,0.15,0.97,0.41,-3.23,0.76,0.35,0.0,-0.22,-0.29,3.24,-0.62,-0.17,0.05,0.35,0.57,0.57,1.21,-0.54,-0.55,-1.37,-0.03,-0.98,-1.5,1.02,0.58,0.51,1.19,-1.51,0.33,0.18,0.05,-1.19,-0.2,1.56,-1.67,1.4,-0.73,-0.68,1.46,-0.17,-0.52,1.87,-0.07,-0.37,-2.23,0.24,1.12,-1.91,0.47,0.46,-0.32,1.12,-0.55,0.3,1.83,0.83,2.17,0.57,-0.48,-1.63,-0.47,0.65,1.42,0.82,1.04,0.91,-0.47,2.22,1.58,0.11,-0.11,2.03,-0.82,-0.79,-1.05,1.45,1.26,0.18,2.7,1.53,1.36,-0.41,1.19,0.61,1.97,0.2,0.11,0.18,0.95,0.93,-0.33,0.24,-0.16,-0.71,0.67,-0.34,0.02,0.0,0.16,-0.36,-0.02,0.08,-1.95,-0.1,-0.14,-2.81,-1.7,-1.74,1.46,-0.74,0.34,1.08,-0.95,0.6,0.42,1.73
Treant Protector,1.94,-0.89,-0.51,-0.81,0.41,0.84,0.2,-0.96,1.53,0.56,0.18,0.94,-1.18,0.91,0.01,2.23,-0.83,-0.35,1.12,0.05,-1.33,-0.02,0.11,-0.23,0.16,-0.44,1.87,0.21,-1.04,-0.05,1.18,0.43,0.08,-0.47,-1.3,-0.46,-1.92,-1.53,-1.9,-0.53,-1.04,-0.76,-2.16,-0.93,-0.64,1.02,-1.28,-0.81,0.62,-0.95,-0.08,1.97,0.07,1.41,-0.72,-1.77,-0.2,4.15,0.58,-0.61,-2.33,-0.34,1.35,-0.6,1.15,-0.33,0.75,-0.95,-0.79,0.59,0.75,0.39,1.25,-3.26,-0.1,-0.4,-0.72,0.31,-0.69,-0.27,-1.13,-0.25,-0.21,-0.58,0.16,0.54,-0.31,-0.3,-2.33,-1.43,-0.31,2.61,0.67,-0.63,0.44,-0.87,1.94,0.43,-1.14,-2.09,0.31,-0.24,0.0,0.02,0.22,-0.05,-0.17,-0.26,0.21,0.18,-0.13,-0.1,-0.15,0.18,-1.39,-0.69,-0.45,-0.17,2.28,0.28
Troll Warlord,-0.35,1.92,-1.75,2.92,-1.47,-0.79,-0.52,-1.1,0.69,0.69,1.93,-1.79,-2.11,1.69,-1.4,0.7,1.74,1.45,0.14,-0.64,0.93,-1.29,1.18,0.0,-0.35,0.0,-1.37,-1.44,1.08,-0.72,-0.29,1.85,0.63,-1.22,-0.56,-1.31,-1.15,-1.46,0.14,-2.31,1.18,-0.96,0.36,-0.99,-0.63,1.68,0.22,-0.27,0.11,-2.06,-1.71,0.8,-0.9,2.92,2.33,-0.46,-1.23,5.37,-0.31,0.52,-0.11,1.07,-1.27,-0.21,2.0,-0.79,-1.89,-0.57,-0.4,-3.94,-1.42,0.49,0.98,-0.31,1.06,-0.11,-3.4,0.67,-2.78,1.6,-0.08,0.69,-0.1,-1.02,-1.71,0.29,-1.67,3.4,-2.23,0.16,-0.2,-0.34,0.63,2.64,1.19,-1.43,3.7,-1.0,-1.21,-0.55,-4.61,0.39,0.05,0.0,2.68,-1.53,0.95,3.63,-0.85,-0.52,-0.98,1.07,1.15,2.46,0.25,-2.63,-1.7,-0.32,0.45,0.14
Tusk,1.08,0.6,0.8,1.12,1.24,0.72,-0.07,-0.86,-0.27,-0.32,0.13,-2.19,1.46,-0.94,-0.4,-1.02,0.28,0.33,-0.57,-0.17,-1.38,-0.65,0.48,-0.17,-0.36,0.2,-1.27,0.87,0.64,-0.45,-0.98,-0.64,0.58,-0.23,-0.35,-1.1,-0.31,-0.12,-0.42,0.27,1.68,-0.71,0.21,1.31,-0.87,1.56,-1.26,-1.72,0.19,-0.24,0.03,-0.39,-0.27,-1.12,-2.49,0.55,-0.3,-1.52,-0.24,-0.26,-0.73,-2.81,-0.36,-0.88,-0.98,1.5,1.37,-1.28,3.52,-1.01,-2.23,1.39,-1.49,-0.75,-0.39,1.75,-1.19,-0.48,-0.63,-0.45,0.3,-0.51,0.34,1.27,0.57,0.65,0.6,0.29,-0.08,-0.79,0.18,0.96,0.68,-0.34,-0.82,0.78,-2.33,-1.65,0.62,-1.39,1.19,-0.02,-0.23,-2.55,0.0,-1.03,-1.41,-0.58,0.17,-0.81,-0.19,-2.41,-0.95,0.03,-1.05,1.28,0.06,-0.63,1.45,1.82
Underlord,1.22,-1.68,-1.76,-2.95,-0.23,-0.19,-0.77,0.6,0.03,0.72,-0.58,-0.08,-2.11,0.97,1.4,3.47,0.36,-1.72,-1.04,-0.28,1.14,0.22,0.47,-0.19,-0.11,-1.75,1.58,-1.58,0.72,0.4,-0.28,1.75,-0.35,-0.92,-1.27,-0.39,1.26,-2.52,0.28,-2.37,1.27,-0.12,-4.27,-1.6,0.07,-0.72,-0.54,-1.25,-2.0,-1.02,-0.64,3.4,0.61,2.08,-0.18,0.51,1.93,5.83,0.44,-2.21,-0.9,8.62,0.13,0.73,1.29,0.78,0.22,2.92,0.29,-1.02,-0.67,-0.81,6.33,0.22,2.5,-2.38,-1.41,-0.36,-1.17,2.8,-4.77,2.62,2.24,-2.1,-0.84,-1.38,-1.58,-0.39,-0.47,-1.61,-4.17,3.13,4.41,0.74,-0.67,-0.54,0.36,3.17,1.68,-3.31,-1.99,-0.23,0.06,1.36,1.03,0.0,0.46,-3.68,0.58,-0.73,-2.41,0.98,2.59,0.8,0.81,-1.25,0.79,-1.86,4.52,0.22
Undying,1.43,-1.5,-1.39,-1.66,0.52,0.84,1.54,0.4,3.15,-0.44,-1.5,0.2,0.57,-1.55,1.81,1.75,1.68,-0.92,1.04,0.44,-1.63,0.28,0.35,2.09,0.1,0.52,1.0,0.26,0.11,-0.44,0.43,-2.02,-0.41,0.98,-2.02,0.08,-1.35,-1.25,1.5,-0.39,-0.73,0.48,-0.79,-1.06,1.56,-1.21,3.01,0.67,-2.03,-1.05,0.22,1.87,-1.95,1.21,-0.98,1.23,-3.92,-1.33,-0.07,-1.47,-1.41,-1.19,-0.62,0.62,0.15,-0.1,0.85,0.87,1.94,1.11,-1.65,-0.92,-1.37,-1.02,1.27,2.03,-1.64,-0.62,0.2,-0.17,-1.4,-0.09,0.39,-0.95,-0.16,-0.48,0.61,-0.95,-0.57,-1.08,-1.42,5.64,1.01,0.19,0.82,-0.53,0.15,-2.3,1.35,-2.31,-0.09,2.07,0.13,-0.93,1.49,-0.57,0.0,0.5,0.13,-0.49,1.26,2.88,-0.38,0.73,-2.46,-0.73,1.21,0.19,3.35,0.91
Ursa,-0.14,2.3,0.2,2.27,-0.65,1.87,0.78,-0.52,-3.48,1.12,0.11,-4.04,-1.1,-3.36,1.03,-1.26,0.81,-0.51,0.49,0.36,1.57,-1.49,-0.09,-2.05,0.37,-1.56,-0.17,-1.96,0.52,0.87,-0.08,1.45,-0.17,0.33,-0.19,-0.58,-0.17,-1.81,-0.08,-0.55,-0.18,-0.27,2.8,-0.91,0.29,1.27,0.18,-0.71,1.48,-1.37,-0.81,0.37,-0.26,-1.31,1.05,-0.3,0.38,-0.03,0.1,-0.03,1.17,-1.18,-0.27,-0.98,-0.52,1.3,-1.22,-0.59,-1.17,1.17,-0.65,-0.98,-2.78,0.98,1.53,2.15,-0.49,-0.04,-2.96,-2.19,0.08,0.38,-0.46,1.4,-0.97,-0.54,-1.42,-1.92,-0.71,0.57,-0.36,-0.21,0.25,-0.43,0.28,-0.04,-2.22,-0.63,1.54,2.99,-1.17,0.29,0.29,-3.71,0.67,3.71,-0.5,0.0,-1.5,-2.68,-0.79,-2.38,0.36,2.13,-1.42,-2.47,-0.58,-0.06,-0.4,0.53
Vengeful Spirit,0.59,0.41,0.34,0.39,0.2,0.3,-0.75,2.45,-2.1,-0.18,0.17,-2.8,0.32,-3.0,0.62,-1.07,0.37,1.03,-0.61,0.05,-1.4,-0.59,0.92,2.5,0.19,0.45,-0.38,-1.09,-0.3,-0.45,-1.57,-1.9,-1.23,1.18,1.25,0.2,-1.62,0.13,-0.19,1.37,1.09,-0.81,0.94,-0.98,-0.11,1.67,-0.63,-0.51,0.06,-0.08,1.28,-1.43,-0.48,-2.03,0.46,-0.46,-1.15,-1.76,0.56,0.16,0.12,-1.75,0.3,0.41,0.4,0.29,1.34,-0.11,1.1,-0.65,-1.79,1.18,-3.35,-0.38,-0.06,1.47,0.01,-0.89,-1.76,0.46,0.0,-0.8,1.23,1.16,0.82,-0.33,0.68,1.06,0.42,0.35,-0.14,-0.26,0.3,0.4,1.62,2.44,0.64,-2.33,-1.32,0.0,-0.56,0.13,-0.35,0.91,-0.19,-0.78,-0.13,1.54,0.0,-1.09,-0.04,-2.11,-0.23,-1.13,0.53,0.57,-2.39,-0.03,1.41,0.94
Venomancer,-1.91,-0.79,0.04,-0.23,-2.97,2.38,0.92,1.63,2.58,0.48,2.51,0.09,1.55,-1.06,0.6,-0.76,1.04,-1.07,0.62,0.6,-3.67,1.8,1.16,0.57,1.41,1.35,1.31,-0.23,0.27,1.03,1.06,1.39,-1.63,-0.17,0.14,0.37,-0.03,-0.33,-2.74,-0.19,-0.25,0.49,-1.81,0.15,0.95,-2.25,2.06,-0.28,-2.19,-0.57,0.55,1.13,0.28,1.68,-1.09,0.76,-0.37,0.16,1.53,2.38,-1.59,0.23,-2.14,0.51,2.05,1.1,0.38,1.01,0.55,1.47,-0.49,-0.04,-3.9,-0.23,0.52,-1.24,-0.38,-0.43,0.98,1.87,-0.01,1.07,-1.68,0.32,-0.39,0.97,-1.26,1.89,-1.48,-1.17,-2.5,1.04,1.71,-1.15,0.73,-1.39,2.89,-1.4,0.37,-0.07,-1.04,2.64,-0.18,0.62,0.8,0.75,0.5,2.61,0.99,0.0,-1.68,4.41,0.51,-1.4,-0.98,-0.68,0.87,-0.45,1.96,0.45
Viper,1.3,-0.04,-0.01,0.56,-2.1,1.9,-0.25,1.05,-0.63,0.34,0.38,-1.73,4.45,-1.52,0.49,-2.81,0.23,-2.92,1.32,-0.03,-1.59,0.45,0.83,-0.35,0.76,0.08,3.0,-0.61,0.26,2.82,0.51,0.15,-0.22,-0.97,-0.28,-0.27,0.98,-0.45,3.81,-0.63,-0.09,1.17,-1.7,0.57,-0.71,-1.13,2.36,0.12,-2.53,-0.06,0.81,0.84,1.77,-1.6,-0.53,0.39,-0.96,3.84,-0.33,3.33,-2.68,-0.95,-2.26,3.31,0.73,-0.68,1.74,0.36,1.12,-0.63,-0.43,0.37,-3.35,0.53,1.01,-0.84,-0.35,1.51,1.22,-0.01,-0.08,-0.25,-1.04,0.5,-0.04,0.19,-0.07,-0.19,0.97,-0.58,-0.66,5.25,1.03,1.09,-0.75,0.0,4.22,-4.11,1.42,0.65,0.07,1.85,-0.1,0.86,0.15,2.2,-1.36,0.74,0.02,1.75,0.0,-0.28,1.04,0.77,-2.87,-1.27,0.13,-0.84,0.63,1.57
Visage,-2.06,-2.71,-1.11,0.92,4.46,-1.63,3.41,0.12,-2.62,-0.37,-0.34,-2.33,-2.72,-8.51,-3.29,-0.6,-4.84,-1.77,2.17,0.11,-2.34,-3.31,-2.54,-2.5,-3.4,-2.49,-0.4,-0.37,-0.02,-2.75,-0.29,-2.19,-2.24,-2.23,-0.56,2.86,1.14,-1.09,0.15,-1.01,-4.11,0.36,0.78,-1.15,-0.37,-0.03,-1.98,0.15,0.75,0.79,0.31,-4.12,-0.06,-7.03,-1.17,0.63,-3.76,1.26,0.79,-2.43,-0.16,-8.69,-0.19,1.15,1.53,-1.36,1.43,1.3,-1.38,2.37,-2.54,-0.81,-4.84,-1.28,0.61,1.34,2.48,-0.69,-1.15,-3.94,0.7,-2.69,1.89,1.62,0.42,0.29,1.96,0.22,-1.92,0.37,-2.58,0.17,-0.96,1.33,-1.81,2.8,1.32,-1.82,-1.37,-1.59,4.54,1.21,0.05,-0.99,2.06,-0.89,-2.92,1.95,1.52,-4.13,-0.07,0.0,-1.06,-3.34,-1.77,-0.53,-0.65,-0.62,1.52,3.45
Void Spirit,-0.31,-2.35,1.47,-1.7,0.69,-1.06,-0.9,0.0,0.83,-1.08,0.11,3.21,-0.23,3.27,-0.04,0.18,-2.04,0.13,1.09,-0.74,1.15,-0.27,-1.04,-1.59,-0.76,-0.24,-1.78,0.5,0.49,-0.24,-0.21,-1.6,-1.08,-0.13,-0.17,-1.49,-0.27,-0.74,-2.1,2.19,0.09,0.09,1.73,0.97,-0.42,-0.52,-2.01,-0.24,-0.22,-0.37,-0.4,-3.06,-0.6,-1.4,0.05,2.14,-1.49,-2.86,0.81,-1.54,1.74,-1.21,-0.47,-2.29,-2.36,-0.76,0.52,-0.76,-0.4,0.37,1.27,0.67,2.41,1.24,0.43,1.32,-1.13,-0.27,-0.78,-1.83,-0.39,0.07,2.02,-0.79,-0.14,-1.17,-0.28,0.48,0.12,0.49,-0.41,0.32,-0.25,-0.11,-1.91,-1.8,-1.69,0.79,-0.7,-0.26,-0.15,-1.44,0.12,-1.16,0.99,-2.68,0.39,-0.34,0.2,-0.51,-1.09,0.95,0.0,-1.93,0.75,1.07,-0.25,0.79,-0.77,1.22
Warlock,-2.28,-1.39,-0.64,-0.68,0.01,1.68,-0.36,-1.78,0.97,-0.36,-2.23,-2.57,-1.57,-2.28,0.68,0.65,1.52,-0.66,0.77,-0.62,0.37,0.04,-0.69,0.16,-0.21,-0.15,1.88,-0.55,-0.47,-0.71,-0.01,-1.11,-2.05,2.93,-1.4,-0.57,0.76,-0.79,-3.48,-0.63,-0.65,-1.48,-0.29,-0.79,0.39,-2.08,-1.36,-0.25,-1.38,-1.65,0.12,-1.14,1.96,1.47,0.19,-0.05,-1.09,4.44,-0.27,-1.91,-1.39,1.41,-1.61,-0.08,0.49,1.78,1.29,-0.83,-0.76,-0.13,-0.92,-1.24,-0.31,-1.74,0.91,0.15,0.28,-0.17,0.97,-0.33,-1.13,-0.04,0.05,-1.08,0.53,0.4,0.16,-0.54,-2.4,-1.47,-0.41,2.82,0.77,0.09,-1.17,0.57,-0.81,2.19,-1.77,0.42,0.67,0.48,-0.2,-2.42,-0.1,-0.74,-0.8,-2.2,0.88,1.31,-1.09,3.24,1.8,0.0,-2.12,-0.96,1.56,0.06,1.51,1.07
Weaver,0.54,0.69,2.62,-0.25,-0.33,-0.88,-0.67,2.02,-1.09,-1.54,-0.58,3.41,-1.92,0.5,-0.11,0.62,2.42,-1.69,0.54,-0.21,2.11,0.28,-0.28,1.78,-0.16,2.26,-0.61,-1.81,0.79,-0.06,-0.23,0.02,0.8,0.0,-4.08,1.17,-0.01,0.67,0.45,0.45,-0.78,1.77,2.37,1.42,0.95,-0.68,1.85,1.82,0.74,0.01,-0.48,3.77,-0.35,3.19,-0.23,-1.37,-0.99,-0.72,-0.76,0.84,-1.73,-1.74,-1.95,-0.06,0.29,-1.58,-0.13,1.66,-0.58,-0.86,1.49,-0.28,-1.89,1.39,-0.54,1.09,1.82,0.15,3.65,-2.05,-1.52,1.28,3.65,-0.28,-0.39,-1.63,-0.8,-0.02,-0.09,0.42,0.82,0.05,-0.67,-0.34,-0.09,-4.09,2.44,0.17,0.36,2.43,0.66,-0.46,1.39,-0.26,1.05,-0.8,2.42,1.45,-0.56,0.98,2.59,1.84,-0.74,2.09,0.0,0.39,0.62,0.36,0.45,-1.09
Windranger,0.94,0.8,2.01,-0.27,-1.09,-1.94,-1.91,1.41,0.31,-1.33,0.6,0.9,-1.33,1.23,-3.52,-0.51,0.53,-0.71,-2.19,-0.27,1.07,-0.4,-0.29,0.88,-0.34,-0.09,-1.23,0.03,0.12,0.02,3.22,-1.75,-0.59,0.61,-1.32,0.81,-0.23,-0.28,2.99,0.65,1.65,1.04,2.71,0.25,0.04,-0.5,1.7,-0.39,1.84,0.24,-0.36,2.31,-0.42,-0.92,0.21,-3.05,0.33,1.83,-0.11,3.5,-0.94,-0.46,-0.85,-0.28,0.49,-0.08,-0.58,1.02,-0.68,0.35,-0.12,0.45,-0.18,0.64,-1.16,-0.38,-1.04,-2.05,0.67,0.25,-0.82,0.52,-2.54,0.54,-0.79,0.27,0.0,1.91,1.35,0.73,0.52,-2.74,-1.01,-0.72,0.28,-0.46,1.24,0.0,-0.7,0.82,-1.6,-0.23,0.45,2.78,-1.2,0.63,0.77,2.77,-0.26,0.87,1.78,0.13,-1.2,0.59,-0.37,0.0,0.97,0.93,-1.02,-0.28
Winter Wyvern,-2.76,0.41,-1.04,-2.56,0.99,-0.35,-1.72,-1.63,4.03,-0.15,0.52,0.23,-0.81,1.89,-0.75,1.37,4.3,1.46,1.54,-0.13,-2.74,-0.37,0.41,0.05,-0.18,-0.09,-1.16,0.04,-0.17,0.9,0.87,-0.69,0.87,1.51,0.13,0.63,-0.06,-0.28,-3.4,0.38,1.5,-0.83,0.8,-1.23,-0.44,3.02,-1.29,-1.3,1.5,-0.05,0.29,5.38,-0.92,5.38,1.49,2.16,1.23,8.91,0.58,-0.91,-1.49,4.47,0.64,-2.67,0.93,0.49,1.33,0.25,-0.11,-0.2,0.08,-0.99,-0.56,0.36,-0.09,0.11,-1.4,-1.48,-1.35,0.17,-0.43,-1.32,0.02,0.36,0.6,0.48,0.0,-0.5,-1.06,0.46,-0.85,-0.94,-0.66,0.33,0.73,0.53,1.78,0.82,-0.47,-3.57,-2.17,0.53,0.5,1.7,-0.09,-0.62,-1.1,0.6,2.15,-0.85,-0.18,0.36,0.25,-1.53,-0.6,-0.72,0.0,0.07,1.3,-0.54
Witch Doctor,0.3,1.84,-0.54,0.25,1.19,1.66,0.82,1.46,1.48,0.06,-0.73,-1.43,-0.58,-1.69,1.69,1.6,-0.59,-0.42,-0.48,1.03,0.47,-0.43,0.38,0.19,-0.64,1.02,0.53,-0.93,0.59,0.03,-0.85,-0.24,1.22,0.72,-0.99,-0.05,-0.3,-0.84,2.01,0.34,0.89,0.43,0.08,-0.23,0.28,0.4,-0.36,0.18,0.14,-0.44,0.33,0.46,0.94,2.55,0.1,-0.44,-0.9,3.82,-0.44,0.04,-1.42,-0.22,-0.85,-0.33,0.07,0.08,1.45,-0.58,0.49,-0.14,-0.56,-0.28,-0.42,-0.34,-0.9,1.1,0.16,1.13,0.78,-1.6,-0.26,-0.43,-0.44,0.24,0.51,-0.21,0.04,0.39,0.1,-0.38,-0.62,1.23,1.0,0.93,0.53,-1.05,0.31,0.32,0.74,0.28,-0.51,-0.35,-0.16,0.19,0.73,1.45,-0.33,-0.1,0.16,0.41,0.94,0.12,-0.94,-0.61,-0.46,-0.8,-0.17,0.0,0.53,-0.34
Wraith King,-1.17,-3.83,1.23,-3.08,0.38,0.93,1.8,0.71,-1.54,0.92,-1.49,-0.63,-3.23,-3.6,0.58,-1.05,-4.77,2.53,0.94,-1.33,-2.54,-0.34,-2.22,-0.15,0.73,1.43,0.01,0.8,0.85,-0.01,1.09,-1.01,-1.14,3.09,0.63,0.49,-0.14,-0.73,0.29,-1.78,-0.68,-2.07,-0.09,-1.48,-0.61,0.39,-1.64,-0.19,-1.93,-0.61,-0.3,-1.34,0.91,-3.26,0.35,0.42,-0.18,-3.94,0.88,-3.21,0.38,-2.49,0.92,-0.29,2.09,1.82,-0.01,-1.54,0.08,0.35,-1.3,-1.26,-4.58,-2.15,2.45,-0.14,-0.04,-0.33,-0.05,1.37,-1.58,-0.76,-0.15,0.53,-0.02,1.39,2.49,-1.62,-1.95,-0.76,-1.4,0.95,0.32,0.49,-0.56,3.92,0.61,-1.98,-3.25,-3.35,1.27,0.61,-2.09,-0.15,-1.0,-4.97,-3.27,0.82,-0.8,-1.61,-0.14,-1.19,1.29,-1.38,0.18,0.73,-0.59,-0.43,0.0,1.41
Zeus,0.13,-0.95,1.32,-6.62,0.41,1.35,-0.38,-1.47,-1.57,1.99,0.08,-1.03,-0.9,-6.41,-0.66,0.19,-3.43,-0.54,-0.06,0.36,1.74,1.49,-1.83,0.71,0.64,-0.42,0.7,2.34,0.28,1.58,2.18,-2.52,-0.89,2.91,-1.64,0.92,1.9,-0.56,-2.12,-0.82,-2.41,-0.26,-1.66,-0.4,-0.02,-0.1,1.52,0.36,-2.63,0.26,-0.76,-3.25,1.58,-4.02,-0.78,-0.5,0.98,-1.58,0.97,2.15,0.67,4.2,0.23,0.4,-1.02,0.43,-0.22,0.79,-1.83,2.43,-0.25,-1.6,3.62,-1.2,1.85,-1.8,0.1,0.05,-0.05,1.81,-0.27,2.85,-0.08,1.02,0.12,0.1,-0.79,-0.54,0.41,-0.47,1.18,-1.4,0.52,-4.68,-0.51,0.22,-3.35,4.32,0.07,-0.22,2.88,-0.83,-0.17,0.13,-1.46,-0.45,-0.66,-0.29,-0.37,0.09,-1.14,-3.8,-0.98,-1.12,1.69,0.11,1.31,0.48,-1.44,0.0
